"","OTU","Sample","Abundance","forwardBarcodeSequence","reverseBarcodeSequence","LibraryNumber","Direction","LibraryName","ProjectName","Region","BarcodeNo","CarbonSource","DNA_conc","Description","Rep_Sample","Acetate","Butyrate","Formate","Isobutyrate","Lactate","Propionate","Hydrogen_gas","Hydrogen_bottle","Rep","Timepoint","CopyNumber","SeqDepth","SampleID","Phylum","Class","Order","Family","Genus","Species","TimepointNum"
"18","Agathobacter rectalis","B4T24",9841018962.95434,"CAACCTCT","CAACCTCT",1,"p","NG-20110_2019_0016_lib334815_6442_2_1.fastq.gz,NG-20110_2019_0016_lib334815_6442_2_2.fastq.gz","DbMM-10","V5V6","GUT_784F_1064R - 18","FourC",76.295,"DbMM","B4_T24",28.24835207,10.72363349,2.004343638,0,5.804676832,3.1597675,1.987097752,5.201826577,"B4","T24",22234098974,75137,"B4T24","Firmicutes","Clostridia","Clostridiales","Eubacteriaceae","Agathobacter","Agathobacter_rectalis",24
"119","Eubacterium siraeum","B4T72",7838203821.65328,"CCGTCTGC","CCGTCTGC",1,"p","NG-20110_2019_0016_lib334815_6442_2_1.fastq.gz,NG-20110_2019_0016_lib334815_6442_2_2.fastq.gz","DbMM-10","V5V6","GUT_784F_1064R - 26","FourC",91.097,"DbMM","B4_T72",22.27149208,27.11674702,2.883506539,0,0,5.951572063,3.018117767,8.982493355,"B4","T72",18441380330,12563,"B4T72","Firmicutes","Clostridia","Clostridiales","Eubacteriaceae","Eubacterium","Eubacterium_siraeum",72
"15","Agathobacter rectalis","B4T48",7471621561.05946,"CATTGCCA","CATTGCCA",1,"p","NG-20110_2019_0016_lib334815_6442_2_1.fastq.gz,NG-20110_2019_0016_lib334815_6442_2_2.fastq.gz","DbMM-10","V5V6","GUT_784F_1064R - 22","FourC",53.569,"DbMM","B4_T48",25.13609867,19.81234677,2.687733094,0,6.393739668,4.093234207,2.318024137,6.456891746,"B4","T48",22161798608,33630,"B4T48","Firmicutes","Clostridia","Clostridiales","Eubacteriaceae","Agathobacter","Agathobacter_rectalis",48
"116","Eubacterium siraeum","B2T24",6252865746.6534,"ATGCCGGA","ATGCCGGA",1,"p","NG-20110_2019_0016_lib334815_6442_2_1.fastq.gz,NG-20110_2019_0016_lib334815_6442_2_2.fastq.gz","DbMM-10","V5V6","GUT_784F_1064R - 16","FourC",95.378,"DbMM","B2_T24",26.27502349,16.77507458,3.428240583,0,3.470297759,4.665329817,1.756421093,4.597960977,"B2","T24",14888363456,9301,"B2T24","Firmicutes","Clostridia","Clostridiales","Eubacteriaceae","Eubacterium","Eubacterium_siraeum",24
"114","Eubacterium siraeum","B2T72",5780476431.21787,"CCATTATG","CCATTATG",1,"p","NG-20110_2019_0016_lib334815_6442_2_1.fastq.gz,NG-20110_2019_0016_lib334815_6442_2_2.fastq.gz","DbMM-10","V5V6","GUT_784F_1064R - 24","FourC",19.595,"DbMM","B2_T72",25.78571083,25.01975492,4.328292932,0,0,10.24123424,2.026290552,6.030626644,"B2","T72",12224488598,38821,"B2T72","Firmicutes","Clostridia","Clostridiales","Eubacteriaceae","Eubacterium","Eubacterium_siraeum",72
"127","Eubacterium siraeum","B3T24",5725196504.67064,"ATGCGATT","ATGCGATT",1,"p","NG-20110_2019_0016_lib334815_6442_2_1.fastq.gz,NG-20110_2019_0016_lib334815_6442_2_2.fastq.gz","DbMM-10","V5V6","GUT_784F_1064R - 17","FourC",86.871,"DbMM","B3_T24",26.02415696,15.30651563,4.340806865,0,7.169377347,3.580023072,1.480225824,3.874936712,"B3","T24",16070672884,62475,"B3T24","Firmicutes","Clostridia","Clostridiales","Eubacteriaceae","Eubacterium","Eubacterium_siraeum",24
"117","Eubacterium siraeum","B2T48",5366532682.05868,"CATAAGCG","CATAAGCG",1,"p","NG-20110_2019_0016_lib334815_6442_2_1.fastq.gz,NG-20110_2019_0016_lib334815_6442_2_2.fastq.gz","DbMM-10","V5V6","GUT_784F_1064R - 20","FourC",54.295,"DbMM","B2_T48",21.76055852,19.40504364,3.512249151,0,0,6.884226639,2.04235665,5.689015739,"B2","T48",11569368042,27572,"B2T48","Firmicutes","Clostridia","Clostridiales","Eubacteriaceae","Eubacterium","Eubacterium_siraeum",48
"122","Eubacterium siraeum","B4T48",5342163123.58279,"CATTGCCA","CATTGCCA",1,"p","NG-20110_2019_0016_lib334815_6442_2_1.fastq.gz,NG-20110_2019_0016_lib334815_6442_2_2.fastq.gz","DbMM-10","V5V6","GUT_784F_1064R - 22","FourC",53.569,"DbMM","B4_T48",25.13609867,19.81234677,2.687733094,0,6.393739668,4.093234207,2.318024137,6.456891746,"B4","T48",22161798608,33630,"B4T48","Firmicutes","Clostridia","Clostridiales","Eubacteriaceae","Eubacterium","Eubacterium_siraeum",48
"113","Eubacterium siraeum","B1T96",5271445088.44444,"CGCAAGCT","CGCAAGCT",1,"p","NG-20110_2019_0016_lib334815_6442_2_1.fastq.gz,NG-20110_2019_0016_lib334815_6442_2_2.fastq.gz","DbMM-10","V5V6","GUT_784F_1064R - 27","FourC",88.485,"DbMM","B1_T96",25.22395254,24.60750205,4.191868346,0,0,11.28024586,2.324445079,7.426342106,"B1","T96",11860751449,33508,"B1T96","Firmicutes","Clostridia","Clostridiales","Eubacteriaceae","Eubacterium","Eubacterium_siraeum",96
"112","Eubacterium siraeum","B1T72",5246734006.9255,"CCATGCGC","CCATGCGC",1,"p","NG-20110_2019_0016_lib334815_6442_2_1.fastq.gz,NG-20110_2019_0016_lib334815_6442_2_2.fastq.gz","DbMM-10","V5V6","GUT_784F_1064R - 23","FourC",6.471,"DbMM","B1_T72",25.52257493,23.90605535,4.191490449,0,0,11.00289343,2.345469048,6.980562644,"B1","T72",11765029432,33260,"B1T72","Firmicutes","Clostridia","Clostridiales","Eubacteriaceae","Eubacterium","Eubacterium_siraeum",72
"118","Eubacterium siraeum","B1T24",5194671569.23256,"ATATCCGC","ATATCCGC",1,"p","NG-20110_2019_0016_lib334815_6442_2_1.fastq.gz,NG-20110_2019_0016_lib334815_6442_2_2.fastq.gz","DbMM-10","V5V6","GUT_784F_1064R - 15","FourC",92.958,"DbMM","B1_T24",27.06585287,16.61526127,4.701462225,0,4.902289542,4.336492395,1.816739597,4.755862819,"B1","T24",12343132267,51138,"B1T24","Firmicutes","Clostridia","Clostridiales","Eubacteriaceae","Eubacterium","Eubacterium_siraeum",24
"115","Eubacterium siraeum","B1T48",4941660255.22179,"CAACGAGG","CAACGAGG",1,"p","NG-20110_2019_0016_lib334815_6442_2_1.fastq.gz,NG-20110_2019_0016_lib334815_6442_2_2.fastq.gz","DbMM-10","V5V6","GUT_784F_1064R - 19","FourC",113.547,"DbMM","B1_T48",25.9164472,21.16638018,4.060683936,0,0,9.330743519,2.215862838,6.172319884,"B1","T48",11898875880,54736,"B1T48","Firmicutes","Clostridia","Clostridiales","Eubacteriaceae","Eubacterium","Eubacterium_siraeum",48
"132","Eubacterium siraeum","B3T72",4672449331.59446,"CCGTACTA","CCGTACTA",1,"p","NG-20110_2019_0016_lib334815_6442_2_1.fastq.gz,NG-20110_2019_0016_lib334815_6442_2_2.fastq.gz","DbMM-10","V5V6","GUT_784F_1064R - 25","FourC",7.626,"DbMM","B3_T72",22.07183761,27.73015988,3.612834152,0,0,8.268998671,2.365499698,7.040177674,"B3","T72",14474099977,15534,"B3T72","Firmicutes","Clostridia","Clostridiales","Eubacteriaceae","Eubacterium","Eubacterium_siraeum",72
"149","Faecalibacterium prausnitzii","B4T72",4107342238.82697,"CCGTCTGC","CCGTCTGC",1,"p","NG-20110_2019_0016_lib334815_6442_2_1.fastq.gz,NG-20110_2019_0016_lib334815_6442_2_2.fastq.gz","DbMM-10","V5V6","GUT_784F_1064R - 26","FourC",91.097,"DbMM","B4_T72",22.27149208,27.11674702,2.883506539,0,0,5.951572063,3.018117767,8.982493355,"B4","T72",18441380330,12563,"B4T72","Firmicutes","Clostridia","Clostridiales","Ruminococcaceae","Faecalibacterium","Faecalibacterium_prausnitzii",72
"124","Eubacterium siraeum","B3T48",4077138195.12981,"CATGATGC","CATGATGC",1,"p","NG-20110_2019_0016_lib334815_6442_2_1.fastq.gz,NG-20110_2019_0016_lib334815_6442_2_2.fastq.gz","DbMM-10","V5V6","GUT_784F_1064R - 21","FourC",71.867,"DbMM","B3_T48",22.59040951,23.80062059,3.433571919,0,0,5.752565359,2.2148607,6.169528413,"B3","T48",13552395015,32933,"B3T48","Firmicutes","Clostridia","Clostridiales","Eubacteriaceae","Eubacterium","Eubacterium_siraeum",48
"129","Eubacterium siraeum","B4T96",3719058585.13484,"CTCAGCGC","CTCAGCGC",1,"p","NG-20110_2019_0016_lib334815_6442_2_1.fastq.gz,NG-20110_2019_0016_lib334815_6442_2_2.fastq.gz","DbMM-10","V5V6","GUT_784F_1064R - 30","FourC",101.384,"DbMM","B4_T96",21.87398843,28.57496357,2.994952443,0,0,8.780699827,2.993789653,9.564823173,"B4","T96",9842388239,78175,"B4T96","Firmicutes","Clostridia","Clostridiales","Eubacteriaceae","Eubacterium","Eubacterium_siraeum",96
"120","Eubacterium siraeum","B2T96",3675688703.10314,"CGGAAGAG","CGGAAGAG",1,"p","NG-20110_2019_0016_lib334815_6442_2_1.fastq.gz,NG-20110_2019_0016_lib334815_6442_2_2.fastq.gz","DbMM-10","V5V6","GUT_784F_1064R - 28","FourC",93.987,"DbMM","B2_T96",25.24388551,25.16666207,4.225019225,0,0,10.65006013,2.144100952,6.850162785,"B2","T96",9125954236,32682,"B2T96","Firmicutes","Clostridia","Clostridiales","Eubacteriaceae","Eubacterium","Eubacterium_siraeum",96
"21","Agathobacter rectalis","B4T72",3644456186.36714,"CCGTCTGC","CCGTCTGC",1,"p","NG-20110_2019_0016_lib334815_6442_2_1.fastq.gz,NG-20110_2019_0016_lib334815_6442_2_2.fastq.gz","DbMM-10","V5V6","GUT_784F_1064R - 26","FourC",91.097,"DbMM","B4_T72",22.27149208,27.11674702,2.883506539,0,0,5.951572063,3.018117767,8.982493355,"B4","T72",18441380330,12563,"B4T72","Firmicutes","Clostridia","Clostridiales","Eubacteriaceae","Agathobacter","Agathobacter_rectalis",72
"133","Faecalibacterium prausnitzii","B2T24",3305438901.61194,"ATGCCGGA","ATGCCGGA",1,"p","NG-20110_2019_0016_lib334815_6442_2_1.fastq.gz,NG-20110_2019_0016_lib334815_6442_2_2.fastq.gz","DbMM-10","V5V6","GUT_784F_1064R - 16","FourC",95.378,"DbMM","B2_T24",26.27502349,16.77507458,3.428240583,0,3.470297759,4.665329817,1.756421093,4.597960977,"B2","T24",14888363456,9301,"B2T24","Firmicutes","Clostridia","Clostridiales","Ruminococcaceae","Faecalibacterium","Faecalibacterium_prausnitzii",24
"152","Faecalibacterium prausnitzii","B4T48",3221963201.05166,"CATTGCCA","CATTGCCA",1,"p","NG-20110_2019_0016_lib334815_6442_2_1.fastq.gz,NG-20110_2019_0016_lib334815_6442_2_2.fastq.gz","DbMM-10","V5V6","GUT_784F_1064R - 22","FourC",53.569,"DbMM","B4_T48",25.13609867,19.81234677,2.687733094,0,6.393739668,4.093234207,2.318024137,6.456891746,"B4","T48",22161798608,33630,"B4T48","Firmicutes","Clostridia","Clostridiales","Ruminococcaceae","Faecalibacterium","Faecalibacterium_prausnitzii",48
"83","Bacteroides xylanisolvens","B4T48",2975069469.17031,"CATTGCCA","CATTGCCA",1,"p","NG-20110_2019_0016_lib334815_6442_2_1.fastq.gz,NG-20110_2019_0016_lib334815_6442_2_2.fastq.gz","DbMM-10","V5V6","GUT_784F_1064R - 22","FourC",53.569,"DbMM","B4_T48",25.13609867,19.81234677,2.687733094,0,6.393739668,4.093234207,2.318024137,6.456891746,"B4","T48",22161798608,33630,"B4T48","Bacteroidetes","Bacteroidia","Bacteroidales","Bacteroidaceae","Bacteroides","Bacteroides_xylanisolvens",48
"144","Faecalibacterium prausnitzii","B3T24",2910436821.51181,"ATGCGATT","ATGCGATT",1,"p","NG-20110_2019_0016_lib334815_6442_2_1.fastq.gz,NG-20110_2019_0016_lib334815_6442_2_2.fastq.gz","DbMM-10","V5V6","GUT_784F_1064R - 17","FourC",86.871,"DbMM","B3_T24",26.02415696,15.30651563,4.340806865,0,7.169377347,3.580023072,1.480225824,3.874936712,"B3","T24",16070672884,62475,"B3T24","Firmicutes","Clostridia","Clostridiales","Ruminococcaceae","Faecalibacterium","Faecalibacterium_prausnitzii",24
"125","Eubacterium siraeum","B4T24",2869911456.74115,"CAACCTCT","CAACCTCT",1,"p","NG-20110_2019_0016_lib334815_6442_2_1.fastq.gz,NG-20110_2019_0016_lib334815_6442_2_2.fastq.gz","DbMM-10","V5V6","GUT_784F_1064R - 18","FourC",76.295,"DbMM","B4_T24",28.24835207,10.72363349,2.004343638,0,5.804676832,3.1597675,1.987097752,5.201826577,"B4","T24",22234098974,75137,"B4T24","Firmicutes","Clostridia","Clostridiales","Eubacteriaceae","Eubacterium","Eubacterium_siraeum",24
"7","Agathobacter rectalis","B3T24",2811673323.85712,"ATGCGATT","ATGCGATT",1,"p","NG-20110_2019_0016_lib334815_6442_2_1.fastq.gz,NG-20110_2019_0016_lib334815_6442_2_2.fastq.gz","DbMM-10","V5V6","GUT_784F_1064R - 17","FourC",86.871,"DbMM","B3_T24",26.02415696,15.30651563,4.340806865,0,7.169377347,3.580023072,1.480225824,3.874936712,"B3","T24",16070672884,62475,"B3T24","Firmicutes","Clostridia","Clostridiales","Eubacteriaceae","Agathobacter","Agathobacter_rectalis",24
"72","Bacteroides xylanisolvens","B3T48",2771589779.88385,"CATGATGC","CATGATGC",1,"p","NG-20110_2019_0016_lib334815_6442_2_1.fastq.gz,NG-20110_2019_0016_lib334815_6442_2_2.fastq.gz","DbMM-10","V5V6","GUT_784F_1064R - 21","FourC",71.867,"DbMM","B3_T48",22.59040951,23.80062059,3.433571919,0,0,5.752565359,2.2148607,6.169528413,"B3","T48",13552395015,32933,"B3T48","Bacteroidetes","Bacteroidia","Bacteroidales","Bacteroidaceae","Bacteroides","Bacteroides_xylanisolvens",48
"135","Faecalibacterium prausnitzii","B2T72",2740556898.51654,"CCATTATG","CCATTATG",1,"p","NG-20110_2019_0016_lib334815_6442_2_1.fastq.gz,NG-20110_2019_0016_lib334815_6442_2_2.fastq.gz","DbMM-10","V5V6","GUT_784F_1064R - 24","FourC",19.595,"DbMM","B2_T72",25.78571083,25.01975492,4.328292932,0,0,10.24123424,2.026290552,6.030626644,"B2","T72",12224488598,38821,"B2T72","Firmicutes","Clostridia","Clostridiales","Ruminococcaceae","Faecalibacterium","Faecalibacterium_prausnitzii",72
"139","Faecalibacterium prausnitzii","B1T96",2728312329.14806,"CGCAAGCT","CGCAAGCT",1,"p","NG-20110_2019_0016_lib334815_6442_2_1.fastq.gz,NG-20110_2019_0016_lib334815_6442_2_2.fastq.gz","DbMM-10","V5V6","GUT_784F_1064R - 27","FourC",88.485,"DbMM","B1_T96",25.22395254,24.60750205,4.191868346,0,0,11.28024586,2.324445079,7.426342106,"B1","T96",11860751449,33508,"B1T96","Firmicutes","Clostridia","Clostridiales","Ruminococcaceae","Faecalibacterium","Faecalibacterium_prausnitzii",96
"142","Faecalibacterium prausnitzii","B1T72",2682006971.77545,"CCATGCGC","CCATGCGC",1,"p","NG-20110_2019_0016_lib334815_6442_2_1.fastq.gz,NG-20110_2019_0016_lib334815_6442_2_2.fastq.gz","DbMM-10","V5V6","GUT_784F_1064R - 23","FourC",6.471,"DbMM","B1_T72",25.52257493,23.90605535,4.191490449,0,0,11.00289343,2.345469048,6.980562644,"B1","T72",11765029432,33260,"B1T72","Firmicutes","Clostridia","Clostridiales","Ruminococcaceae","Faecalibacterium","Faecalibacterium_prausnitzii",72
"148","Faecalibacterium prausnitzii","B1T24",2663696710.78295,"ATATCCGC","ATATCCGC",1,"p","NG-20110_2019_0016_lib334815_6442_2_1.fastq.gz,NG-20110_2019_0016_lib334815_6442_2_2.fastq.gz","DbMM-10","V5V6","GUT_784F_1064R - 15","FourC",92.958,"DbMM","B1_T24",27.06585287,16.61526127,4.701462225,0,4.902289542,4.336492395,1.816739597,4.755862819,"B1","T24",12343132267,51138,"B1T24","Firmicutes","Clostridia","Clostridiales","Ruminococcaceae","Faecalibacterium","Faecalibacterium_prausnitzii",24
"134","Faecalibacterium prausnitzii","B2T48",2595315690.40331,"CATAAGCG","CATAAGCG",1,"p","NG-20110_2019_0016_lib334815_6442_2_1.fastq.gz,NG-20110_2019_0016_lib334815_6442_2_2.fastq.gz","DbMM-10","V5V6","GUT_784F_1064R - 20","FourC",54.295,"DbMM","B2_T48",21.76055852,19.40504364,3.512249151,0,0,6.884226639,2.04235665,5.689015739,"B2","T48",11569368042,27572,"B2T48","Firmicutes","Clostridia","Clostridiales","Ruminococcaceae","Faecalibacterium","Faecalibacterium_prausnitzii",48
"151","Faecalibacterium prausnitzii","B3T72",2546083684.65352,"CCGTACTA","CCGTACTA",1,"p","NG-20110_2019_0016_lib334815_6442_2_1.fastq.gz,NG-20110_2019_0016_lib334815_6442_2_2.fastq.gz","DbMM-10","V5V6","GUT_784F_1064R - 25","FourC",7.626,"DbMM","B3_T72",22.07183761,27.73015988,3.612834152,0,0,8.268998671,2.365499698,7.040177674,"B3","T72",14474099977,15534,"B3T72","Firmicutes","Clostridia","Clostridiales","Ruminococcaceae","Faecalibacterium","Faecalibacterium_prausnitzii",72
"131","Eubacterium siraeum","B3T96",2524647857.59259,"CTAGGAGA","CTAGGAGA",1,"p","NG-20110_2019_0016_lib334815_6442_2_1.fastq.gz,NG-20110_2019_0016_lib334815_6442_2_2.fastq.gz","DbMM-10","V5V6","GUT_784F_1064R - 29","FourC",103.734,"DbMM","B3_T96",21.93345407,27.54389753,3.740875716,0,0,9.20549788,2.368855865,7.5682296,"B3","T96",9499836315,105994,"B3T96","Firmicutes","Clostridia","Clostridiales","Eubacteriaceae","Eubacterium","Eubacterium_siraeum",96
"14","Agathobacter rectalis","B3T72",2515222064.23348,"CCGTACTA","CCGTACTA",1,"p","NG-20110_2019_0016_lib334815_6442_2_1.fastq.gz,NG-20110_2019_0016_lib334815_6442_2_2.fastq.gz","DbMM-10","V5V6","GUT_784F_1064R - 25","FourC",7.626,"DbMM","B3_T72",22.07183761,27.73015988,3.612834152,0,0,8.268998671,2.365499698,7.040177674,"B3","T72",14474099977,15534,"B3T72","Firmicutes","Clostridia","Clostridiales","Eubacteriaceae","Agathobacter","Agathobacter_rectalis",72
"141","Faecalibacterium prausnitzii","B3T48",2428999060.98952,"CATGATGC","CATGATGC",1,"p","NG-20110_2019_0016_lib334815_6442_2_1.fastq.gz,NG-20110_2019_0016_lib334815_6442_2_2.fastq.gz","DbMM-10","V5V6","GUT_784F_1064R - 21","FourC",71.867,"DbMM","B3_T48",22.59040951,23.80062059,3.433571919,0,0,5.752565359,2.2148607,6.169528413,"B3","T48",13552395015,32933,"B3T48","Firmicutes","Clostridia","Clostridiales","Ruminococcaceae","Faecalibacterium","Faecalibacterium_prausnitzii",48
"75","Bacteroides xylanisolvens","B3T24",2428964770.44517,"ATGCGATT","ATGCGATT",1,"p","NG-20110_2019_0016_lib334815_6442_2_1.fastq.gz,NG-20110_2019_0016_lib334815_6442_2_2.fastq.gz","DbMM-10","V5V6","GUT_784F_1064R - 17","FourC",86.871,"DbMM","B3_T24",26.02415696,15.30651563,4.340806865,0,7.169377347,3.580023072,1.480225824,3.874936712,"B3","T24",16070672884,62475,"B3T24","Bacteroidetes","Bacteroidia","Bacteroidales","Bacteroidaceae","Bacteroides","Bacteroides_xylanisolvens",24
"145","Faecalibacterium prausnitzii","B1T48",2416814478.35019,"CAACGAGG","CAACGAGG",1,"p","NG-20110_2019_0016_lib334815_6442_2_1.fastq.gz,NG-20110_2019_0016_lib334815_6442_2_2.fastq.gz","DbMM-10","V5V6","GUT_784F_1064R - 19","FourC",113.547,"DbMM","B1_T48",25.9164472,21.16638018,4.060683936,0,0,9.330743519,2.215862838,6.172319884,"B1","T48",11898875880,54736,"B1T48","Firmicutes","Clostridia","Clostridiales","Ruminococcaceae","Faecalibacterium","Faecalibacterium_prausnitzii",48
"22","Agathobacter rectalis","B4T96",2367234800.66259,"CTCAGCGC","CTCAGCGC",1,"p","NG-20110_2019_0016_lib334815_6442_2_1.fastq.gz,NG-20110_2019_0016_lib334815_6442_2_2.fastq.gz","DbMM-10","V5V6","GUT_784F_1064R - 30","FourC",101.384,"DbMM","B4_T96",21.87398843,28.57496357,2.994952443,0,0,8.780699827,2.993789653,9.564823173,"B4","T96",9842388239,78175,"B4T96","Firmicutes","Clostridia","Clostridiales","Eubacteriaceae","Agathobacter","Agathobacter_rectalis",96
"82","Bacteroides xylanisolvens","B3T72",2348569313.96525,"CCGTACTA","CCGTACTA",1,"p","NG-20110_2019_0016_lib334815_6442_2_1.fastq.gz,NG-20110_2019_0016_lib334815_6442_2_2.fastq.gz","DbMM-10","V5V6","GUT_784F_1064R - 25","FourC",7.626,"DbMM","B3_T72",22.07183761,27.73015988,3.612834152,0,0,8.268998671,2.365499698,7.040177674,"B3","T72",14474099977,15534,"B3T72","Bacteroidetes","Bacteroidia","Bacteroidales","Bacteroidaceae","Bacteroides","Bacteroides_xylanisolvens",72
"86","Bacteroides xylanisolvens","B4T24",2336046207.26135,"CAACCTCT","CAACCTCT",1,"p","NG-20110_2019_0016_lib334815_6442_2_1.fastq.gz,NG-20110_2019_0016_lib334815_6442_2_2.fastq.gz","DbMM-10","V5V6","GUT_784F_1064R - 18","FourC",76.295,"DbMM","B4_T24",28.24835207,10.72363349,2.004343638,0,5.804676832,3.1597675,1.987097752,5.201826577,"B4","T24",22234098974,75137,"B4T24","Bacteroidetes","Bacteroidia","Bacteroidales","Bacteroidaceae","Bacteroides","Bacteroides_xylanisolvens",24
"20","Agathobacter rectalis","B3T96",2246874865.92593,"CTAGGAGA","CTAGGAGA",1,"p","NG-20110_2019_0016_lib334815_6442_2_1.fastq.gz,NG-20110_2019_0016_lib334815_6442_2_2.fastq.gz","DbMM-10","V5V6","GUT_784F_1064R - 29","FourC",103.734,"DbMM","B3_T96",21.93345407,27.54389753,3.740875716,0,0,9.20549788,2.368855865,7.5682296,"B3","T96",9499836315,105994,"B3T96","Firmicutes","Clostridia","Clostridiales","Eubacteriaceae","Agathobacter","Agathobacter_rectalis",96
"193","Roseburia intestinalis","B4T24",2203351376.46579,"CAACCTCT","CAACCTCT",1,"p","NG-20110_2019_0016_lib334815_6442_2_1.fastq.gz,NG-20110_2019_0016_lib334815_6442_2_2.fastq.gz","DbMM-10","V5V6","GUT_784F_1064R - 18","FourC",76.295,"DbMM","B4_T24",28.24835207,10.72363349,2.004343638,0,5.804676832,3.1597675,1.987097752,5.201826577,"B4","T24",22234098974,75137,"B4T24","Firmicutes","Clostridia","Clostridiales","Lachnospiraceae","Roseburia","Roseburia_intestinalis",24
"146","Faecalibacterium prausnitzii","B4T96",2098721857.17153,"CTCAGCGC","CTCAGCGC",1,"p","NG-20110_2019_0016_lib334815_6442_2_1.fastq.gz,NG-20110_2019_0016_lib334815_6442_2_2.fastq.gz","DbMM-10","V5V6","GUT_784F_1064R - 30","FourC",101.384,"DbMM","B4_T96",21.87398843,28.57496357,2.994952443,0,0,8.780699827,2.993789653,9.564823173,"B4","T96",9842388239,78175,"B4T96","Firmicutes","Clostridia","Clostridiales","Ruminococcaceae","Faecalibacterium","Faecalibacterium_prausnitzii",96
"137","Faecalibacterium prausnitzii","B2T96",2055422901.98715,"CGGAAGAG","CGGAAGAG",1,"p","NG-20110_2019_0016_lib334815_6442_2_1.fastq.gz,NG-20110_2019_0016_lib334815_6442_2_2.fastq.gz","DbMM-10","V5V6","GUT_784F_1064R - 28","FourC",93.987,"DbMM","B2_T96",25.24388551,25.16666207,4.225019225,0,0,10.65006013,2.144100952,6.850162785,"B2","T96",9125954236,32682,"B2T96","Firmicutes","Clostridia","Clostridiales","Ruminococcaceae","Faecalibacterium","Faecalibacterium_prausnitzii",96
"4","Agathobacter rectalis","B3T48",2049371507.62013,"CATGATGC","CATGATGC",1,"p","NG-20110_2019_0016_lib334815_6442_2_1.fastq.gz,NG-20110_2019_0016_lib334815_6442_2_2.fastq.gz","DbMM-10","V5V6","GUT_784F_1064R - 21","FourC",71.867,"DbMM","B3_T48",22.59040951,23.80062059,3.433571919,0,0,5.752565359,2.2148607,6.169528413,"B3","T48",13552395015,32933,"B3T48","Firmicutes","Clostridia","Clostridiales","Eubacteriaceae","Agathobacter","Agathobacter_rectalis",48
"76","Bacteroides xylanisolvens","B1T48",1876657985.74319,"CAACGAGG","CAACGAGG",1,"p","NG-20110_2019_0016_lib334815_6442_2_1.fastq.gz,NG-20110_2019_0016_lib334815_6442_2_2.fastq.gz","DbMM-10","V5V6","GUT_784F_1064R - 19","FourC",113.547,"DbMM","B1_T48",25.9164472,21.16638018,4.060683936,0,0,9.330743519,2.215862838,6.172319884,"B1","T48",11898875880,54736,"B1T48","Bacteroidetes","Bacteroidia","Bacteroidales","Bacteroidaceae","Bacteroides","Bacteroides_xylanisolvens",48
"154","Faecalibacterium prausnitzii","B4T24",1845383925.94754,"CAACCTCT","CAACCTCT",1,"p","NG-20110_2019_0016_lib334815_6442_2_1.fastq.gz,NG-20110_2019_0016_lib334815_6442_2_2.fastq.gz","DbMM-10","V5V6","GUT_784F_1064R - 18","FourC",76.295,"DbMM","B4_T24",28.24835207,10.72363349,2.004343638,0,5.804676832,3.1597675,1.987097752,5.201826577,"B4","T24",22234098974,75137,"B4T24","Firmicutes","Clostridia","Clostridiales","Ruminococcaceae","Faecalibacterium","Faecalibacterium_prausnitzii",24
"66","Bacteroides ovatus","B4T48",1796151899.43685,"CATTGCCA","CATTGCCA",1,"p","NG-20110_2019_0016_lib334815_6442_2_1.fastq.gz,NG-20110_2019_0016_lib334815_6442_2_2.fastq.gz","DbMM-10","V5V6","GUT_784F_1064R - 22","FourC",53.569,"DbMM","B4_T48",25.13609867,19.81234677,2.687733094,0,6.393739668,4.093234207,2.318024137,6.456891746,"B4","T48",22161798608,33630,"B4T48","Bacteroidetes","Bacteroidia","Bacteroidales","Bacteroidaceae","Bacteroides","Bacteroides_ovatus",48
"186","Roseburia intestinalis","B1T24",1703778197.39535,"ATATCCGC","ATATCCGC",1,"p","NG-20110_2019_0016_lib334815_6442_2_1.fastq.gz,NG-20110_2019_0016_lib334815_6442_2_2.fastq.gz","DbMM-10","V5V6","GUT_784F_1064R - 15","FourC",92.958,"DbMM","B1_T24",27.06585287,16.61526127,4.701462225,0,4.902289542,4.336492395,1.816739597,4.755862819,"B1","T24",12343132267,51138,"B1T24","Firmicutes","Clostridia","Clostridiales","Lachnospiraceae","Roseburia","Roseburia_intestinalis",24
"77","Bacteroides xylanisolvens","B2T24",1583277457.07463,"ATGCCGGA","ATGCCGGA",1,"p","NG-20110_2019_0016_lib334815_6442_2_1.fastq.gz,NG-20110_2019_0016_lib334815_6442_2_2.fastq.gz","DbMM-10","V5V6","GUT_784F_1064R - 16","FourC",95.378,"DbMM","B2_T24",26.27502349,16.77507458,3.428240583,0,3.470297759,4.665329817,1.756421093,4.597960977,"B2","T24",14888363456,9301,"B2T24","Bacteroidetes","Bacteroidia","Bacteroidales","Bacteroidaceae","Bacteroides","Bacteroides_xylanisolvens",24
"179","Roseburia intestinalis","B2T24",1570932213.74461,"ATGCCGGA","ATGCCGGA",1,"p","NG-20110_2019_0016_lib334815_6442_2_1.fastq.gz,NG-20110_2019_0016_lib334815_6442_2_2.fastq.gz","DbMM-10","V5V6","GUT_784F_1064R - 16","FourC",95.378,"DbMM","B2_T24",26.27502349,16.77507458,3.428240583,0,3.470297759,4.665329817,1.756421093,4.597960977,"B2","T24",14888363456,9301,"B2T24","Firmicutes","Clostridia","Clostridiales","Lachnospiraceae","Roseburia","Roseburia_intestinalis",24
"153","Faecalibacterium prausnitzii","B3T96",1512319621.2963,"CTAGGAGA","CTAGGAGA",1,"p","NG-20110_2019_0016_lib334815_6442_2_1.fastq.gz,NG-20110_2019_0016_lib334815_6442_2_2.fastq.gz","DbMM-10","V5V6","GUT_784F_1064R - 29","FourC",103.734,"DbMM","B3_T96",21.93345407,27.54389753,3.740875716,0,0,9.20549788,2.368855865,7.5682296,"B3","T96",9499836315,105994,"B3T96","Firmicutes","Clostridia","Clostridiales","Ruminococcaceae","Faecalibacterium","Faecalibacterium_prausnitzii",96
"79","Bacteroides xylanisolvens","B3T96",1503060521.57407,"CTAGGAGA","CTAGGAGA",1,"p","NG-20110_2019_0016_lib334815_6442_2_1.fastq.gz,NG-20110_2019_0016_lib334815_6442_2_2.fastq.gz","DbMM-10","V5V6","GUT_784F_1064R - 29","FourC",103.734,"DbMM","B3_T96",21.93345407,27.54389753,3.740875716,0,0,9.20549788,2.368855865,7.5682296,"B3","T96",9499836315,105994,"B3T96","Bacteroidetes","Bacteroidia","Bacteroidales","Bacteroidaceae","Bacteroides","Bacteroides_xylanisolvens",96
"2","Agathobacter rectalis","B1T96",1484522884.97762,"CGCAAGCT","CGCAAGCT",1,"p","NG-20110_2019_0016_lib334815_6442_2_1.fastq.gz,NG-20110_2019_0016_lib334815_6442_2_2.fastq.gz","DbMM-10","V5V6","GUT_784F_1064R - 27","FourC",88.485,"DbMM","B1_T96",25.22395254,24.60750205,4.191868346,0,0,11.28024586,2.324445079,7.426342106,"B1","T96",11860751449,33508,"B1T96","Firmicutes","Clostridia","Clostridiales","Eubacteriaceae","Agathobacter","Agathobacter_rectalis",96
"55","Bacteroides ovatus","B3T48",1441350141.65452,"CATGATGC","CATGATGC",1,"p","NG-20110_2019_0016_lib334815_6442_2_1.fastq.gz,NG-20110_2019_0016_lib334815_6442_2_2.fastq.gz","DbMM-10","V5V6","GUT_784F_1064R - 21","FourC",71.867,"DbMM","B3_T48",22.59040951,23.80062059,3.433571919,0,0,5.752565359,2.2148607,6.169528413,"B3","T48",13552395015,32933,"B3T48","Bacteroidetes","Bacteroidia","Bacteroidales","Bacteroidaceae","Bacteroides","Bacteroides_ovatus",48
"65","Bacteroides ovatus","B4T24",1391752760.20458,"CAACCTCT","CAACCTCT",1,"p","NG-20110_2019_0016_lib334815_6442_2_1.fastq.gz,NG-20110_2019_0016_lib334815_6442_2_2.fastq.gz","DbMM-10","V5V6","GUT_784F_1064R - 18","FourC",76.295,"DbMM","B4_T24",28.24835207,10.72363349,2.004343638,0,5.804676832,3.1597675,1.987097752,5.201826577,"B4","T24",22234098974,75137,"B4T24","Bacteroidetes","Bacteroidia","Bacteroidales","Bacteroidaceae","Bacteroides","Bacteroides_ovatus",24
"73","Bacteroides xylanisolvens","B1T72",1388841354.7744,"CCATGCGC","CCATGCGC",1,"p","NG-20110_2019_0016_lib334815_6442_2_1.fastq.gz,NG-20110_2019_0016_lib334815_6442_2_2.fastq.gz","DbMM-10","V5V6","GUT_784F_1064R - 23","FourC",6.471,"DbMM","B1_T72",25.52257493,23.90605535,4.191490449,0,0,11.00289343,2.345469048,6.980562644,"B1","T72",11765029432,33260,"B1T72","Bacteroidetes","Bacteroidia","Bacteroidales","Bacteroidaceae","Bacteroides","Bacteroides_xylanisolvens",72
"58","Bacteroides ovatus","B3T24",1342566296.24352,"ATGCGATT","ATGCGATT",1,"p","NG-20110_2019_0016_lib334815_6442_2_1.fastq.gz,NG-20110_2019_0016_lib334815_6442_2_2.fastq.gz","DbMM-10","V5V6","GUT_784F_1064R - 17","FourC",86.871,"DbMM","B3_T24",26.02415696,15.30651563,4.340806865,0,7.169377347,3.580023072,1.480225824,3.874936712,"B3","T24",16070672884,62475,"B3T24","Bacteroidetes","Bacteroidia","Bacteroidales","Bacteroidaceae","Bacteroides","Bacteroides_ovatus",24
"3","Agathobacter rectalis","B2T72",1305467982.06362,"CCATTATG","CCATTATG",1,"p","NG-20110_2019_0016_lib334815_6442_2_1.fastq.gz,NG-20110_2019_0016_lib334815_6442_2_2.fastq.gz","DbMM-10","V5V6","GUT_784F_1064R - 24","FourC",19.595,"DbMM","B2_T72",25.78571083,25.01975492,4.328292932,0,0,10.24123424,2.026290552,6.030626644,"B2","T72",12224488598,38821,"B2T72","Firmicutes","Clostridia","Clostridiales","Eubacteriaceae","Agathobacter","Agathobacter_rectalis",72
"61","Bacteroides ovatus","B3T72",1296188057.64179,"CCGTACTA","CCGTACTA",1,"p","NG-20110_2019_0016_lib334815_6442_2_1.fastq.gz,NG-20110_2019_0016_lib334815_6442_2_2.fastq.gz","DbMM-10","V5V6","GUT_784F_1064R - 25","FourC",7.626,"DbMM","B3_T72",22.07183761,27.73015988,3.612834152,0,0,8.268998671,2.365499698,7.040177674,"B3","T72",14474099977,15534,"B3T72","Bacteroidetes","Bacteroidia","Bacteroidales","Bacteroidaceae","Bacteroides","Bacteroides_ovatus",72
"74","Bacteroides xylanisolvens","B2T48",1274512937.14217,"CATAAGCG","CATAAGCG",1,"p","NG-20110_2019_0016_lib334815_6442_2_1.fastq.gz,NG-20110_2019_0016_lib334815_6442_2_2.fastq.gz","DbMM-10","V5V6","GUT_784F_1064R - 20","FourC",54.295,"DbMM","B2_T48",21.76055852,19.40504364,3.512249151,0,0,6.884226639,2.04235665,5.689015739,"B2","T48",11569368042,27572,"B2T48","Bacteroidetes","Bacteroidia","Bacteroidales","Bacteroidaceae","Bacteroides","Bacteroides_xylanisolvens",48
"81","Bacteroides xylanisolvens","B2T96",1253005552.86304,"CGGAAGAG","CGGAAGAG",1,"p","NG-20110_2019_0016_lib334815_6442_2_1.fastq.gz,NG-20110_2019_0016_lib334815_6442_2_2.fastq.gz","DbMM-10","V5V6","GUT_784F_1064R - 28","FourC",93.987,"DbMM","B2_T96",25.24388551,25.16666207,4.225019225,0,0,10.65006013,2.144100952,6.850162785,"B2","T96",9125954236,32682,"B2T96","Bacteroidetes","Bacteroidia","Bacteroidales","Bacteroidaceae","Bacteroides","Bacteroides_xylanisolvens",96
"67","Bacteroides xylanisolvens","B1T24",1142025241.00775,"ATATCCGC","ATATCCGC",1,"p","NG-20110_2019_0016_lib334815_6442_2_1.fastq.gz,NG-20110_2019_0016_lib334815_6442_2_2.fastq.gz","DbMM-10","V5V6","GUT_784F_1064R - 15","FourC",92.958,"DbMM","B1_T24",27.06585287,16.61526127,4.701462225,0,4.902289542,4.336492395,1.816739597,4.755862819,"B1","T24",12343132267,51138,"B1T24","Bacteroidetes","Bacteroidia","Bacteroidales","Bacteroidaceae","Bacteroides","Bacteroides_xylanisolvens",24
"5","Agathobacter rectalis","B1T72",1138849910.91501,"CCATGCGC","CCATGCGC",1,"p","NG-20110_2019_0016_lib334815_6442_2_1.fastq.gz,NG-20110_2019_0016_lib334815_6442_2_2.fastq.gz","DbMM-10","V5V6","GUT_784F_1064R - 23","FourC",6.471,"DbMM","B1_T72",25.52257493,23.90605535,4.191490449,0,0,11.00289343,2.345469048,6.980562644,"B1","T72",11765029432,33260,"B1T72","Firmicutes","Clostridia","Clostridiales","Eubacteriaceae","Agathobacter","Agathobacter_rectalis",72
"175","Flavonifractor plautii","B4T24",1120191246.01832,"CAACCTCT","CAACCTCT",1,"p","NG-20110_2019_0016_lib334815_6442_2_1.fastq.gz,NG-20110_2019_0016_lib334815_6442_2_2.fastq.gz","DbMM-10","V5V6","GUT_784F_1064R - 18","FourC",76.295,"DbMM","B4_T24",28.24835207,10.72363349,2.004343638,0,5.804676832,3.1597675,1.987097752,5.201826577,"B4","T24",22234098974,75137,"B4T24","Firmicutes","Clostridia","Clostridiales","Lachnospiraceae","Flavonifractor","Lachnospiraceae_bacterium 7_1_58FAA",24
"71","Bacteroides xylanisolvens","B2T72",1117209005.92679,"CCATTATG","CCATTATG",1,"p","NG-20110_2019_0016_lib334815_6442_2_1.fastq.gz,NG-20110_2019_0016_lib334815_6442_2_2.fastq.gz","DbMM-10","V5V6","GUT_784F_1064R - 24","FourC",19.595,"DbMM","B2_T72",25.78571083,25.01975492,4.328292932,0,0,10.24123424,2.026290552,6.030626644,"B2","T72",12224488598,38821,"B2T72","Bacteroidetes","Bacteroidia","Bacteroidales","Bacteroidaceae","Bacteroides","Bacteroides_xylanisolvens",72
"80","Bacteroides xylanisolvens","B4T72",1117098339.93641,"CCGTCTGC","CCGTCTGC",1,"p","NG-20110_2019_0016_lib334815_6442_2_1.fastq.gz,NG-20110_2019_0016_lib334815_6442_2_2.fastq.gz","DbMM-10","V5V6","GUT_784F_1064R - 26","FourC",91.097,"DbMM","B4_T72",22.27149208,27.11674702,2.883506539,0,0,5.951572063,3.018117767,8.982493355,"B4","T72",18441380330,12563,"B4T72","Bacteroidetes","Bacteroidia","Bacteroidales","Bacteroidaceae","Bacteroides","Bacteroides_xylanisolvens",72
"70","Bacteroides xylanisolvens","B1T96",1037005591.1694,"CGCAAGCT","CGCAAGCT",1,"p","NG-20110_2019_0016_lib334815_6442_2_1.fastq.gz,NG-20110_2019_0016_lib334815_6442_2_2.fastq.gz","DbMM-10","V5V6","GUT_784F_1064R - 27","FourC",88.485,"DbMM","B1_T96",25.22395254,24.60750205,4.191868346,0,0,11.28024586,2.324445079,7.426342106,"B1","T96",11860751449,33508,"B1T96","Bacteroidetes","Bacteroidia","Bacteroidales","Bacteroidaceae","Bacteroides","Bacteroides_xylanisolvens",96
"173","Flavonifractor plautii","B4T48",1030781330.60465,"CATTGCCA","CATTGCCA",1,"p","NG-20110_2019_0016_lib334815_6442_2_1.fastq.gz,NG-20110_2019_0016_lib334815_6442_2_2.fastq.gz","DbMM-10","V5V6","GUT_784F_1064R - 22","FourC",53.569,"DbMM","B4_T48",25.13609867,19.81234677,2.687733094,0,6.393739668,4.093234207,2.318024137,6.456891746,"B4","T48",22161798608,33630,"B4T48","Firmicutes","Clostridia","Clostridiales","Lachnospiraceae","Flavonifractor","Lachnospiraceae_bacterium 7_1_58FAA",48
"8","Agathobacter rectalis","B1T48",1024754031.68872,"CAACGAGG","CAACGAGG",1,"p","NG-20110_2019_0016_lib334815_6442_2_1.fastq.gz,NG-20110_2019_0016_lib334815_6442_2_2.fastq.gz","DbMM-10","V5V6","GUT_784F_1064R - 19","FourC",113.547,"DbMM","B1_T48",25.9164472,21.16638018,4.060683936,0,0,9.330743519,2.215862838,6.172319884,"B1","T48",11898875880,54736,"B1T48","Firmicutes","Clostridia","Clostridiales","Eubacteriaceae","Agathobacter","Agathobacter_rectalis",48
"59","Bacteroides ovatus","B1T48",975368295.22179,"CAACGAGG","CAACGAGG",1,"p","NG-20110_2019_0016_lib334815_6442_2_1.fastq.gz,NG-20110_2019_0016_lib334815_6442_2_2.fastq.gz","DbMM-10","V5V6","GUT_784F_1064R - 19","FourC",113.547,"DbMM","B1_T48",25.9164472,21.16638018,4.060683936,0,0,9.330743519,2.215862838,6.172319884,"B1","T48",11898875880,54736,"B1T48","Bacteroidetes","Bacteroidia","Bacteroidales","Bacteroidaceae","Bacteroides","Bacteroides_ovatus",48
"6","Agathobacter rectalis","B2T48",972086138.498266,"CATAAGCG","CATAAGCG",1,"p","NG-20110_2019_0016_lib334815_6442_2_1.fastq.gz,NG-20110_2019_0016_lib334815_6442_2_2.fastq.gz","DbMM-10","V5V6","GUT_784F_1064R - 20","FourC",54.295,"DbMM","B2_T48",21.76055852,19.40504364,3.512249151,0,0,6.884226639,2.04235665,5.689015739,"B2","T48",11569368042,27572,"B2T48","Firmicutes","Clostridia","Clostridiales","Eubacteriaceae","Agathobacter","Agathobacter_rectalis",48
"13","Agathobacter rectalis","B2T96",965987039.522489,"CGGAAGAG","CGGAAGAG",1,"p","NG-20110_2019_0016_lib334815_6442_2_1.fastq.gz,NG-20110_2019_0016_lib334815_6442_2_2.fastq.gz","DbMM-10","V5V6","GUT_784F_1064R - 28","FourC",93.987,"DbMM","B2_T96",25.24388551,25.16666207,4.225019225,0,0,10.65006013,2.144100952,6.850162785,"B2","T96",9125954236,32682,"B2T96","Firmicutes","Clostridia","Clostridiales","Eubacteriaceae","Agathobacter","Agathobacter_rectalis",96
"9","Agathobacter rectalis","B2T24",932065871.416252,"ATGCCGGA","ATGCCGGA",1,"p","NG-20110_2019_0016_lib334815_6442_2_1.fastq.gz,NG-20110_2019_0016_lib334815_6442_2_2.fastq.gz","DbMM-10","V5V6","GUT_784F_1064R - 16","FourC",95.378,"DbMM","B2_T24",26.27502349,16.77507458,3.428240583,0,3.470297759,4.665329817,1.756421093,4.597960977,"B2","T24",14888363456,9301,"B2T24","Firmicutes","Clostridia","Clostridiales","Eubacteriaceae","Agathobacter","Agathobacter_rectalis",24
"11","Agathobacter rectalis","B1T24",833369770.465116,"ATATCCGC","ATATCCGC",1,"p","NG-20110_2019_0016_lib334815_6442_2_1.fastq.gz,NG-20110_2019_0016_lib334815_6442_2_2.fastq.gz","DbMM-10","V5V6","GUT_784F_1064R - 15","FourC",92.958,"DbMM","B1_T24",27.06585287,16.61526127,4.701462225,0,4.902289542,4.336492395,1.816739597,4.755862819,"B1","T24",12343132267,51138,"B1T24","Firmicutes","Clostridia","Clostridiales","Eubacteriaceae","Agathobacter","Agathobacter_rectalis",24
"62","Bacteroides ovatus","B3T96",787023476.388889,"CTAGGAGA","CTAGGAGA",1,"p","NG-20110_2019_0016_lib334815_6442_2_1.fastq.gz,NG-20110_2019_0016_lib334815_6442_2_2.fastq.gz","DbMM-10","V5V6","GUT_784F_1064R - 29","FourC",103.734,"DbMM","B3_T96",21.93345407,27.54389753,3.740875716,0,0,9.20549788,2.368855865,7.5682296,"B3","T96",9499836315,105994,"B3T96","Bacteroidetes","Bacteroidia","Bacteroidales","Bacteroidaceae","Bacteroides","Bacteroides_ovatus",96
"170","Flavonifractor plautii","B4T72",777648568.13253,"CCGTCTGC","CCGTCTGC",1,"p","NG-20110_2019_0016_lib334815_6442_2_1.fastq.gz,NG-20110_2019_0016_lib334815_6442_2_2.fastq.gz","DbMM-10","V5V6","GUT_784F_1064R - 26","FourC",91.097,"DbMM","B4_T72",22.27149208,27.11674702,2.883506539,0,0,5.951572063,3.018117767,8.982493355,"B4","T72",18441380330,12563,"B4T72","Firmicutes","Clostridia","Clostridiales","Lachnospiraceae","Flavonifractor","Lachnospiraceae_bacterium 7_1_58FAA",72
"172","Flavonifractor plautii","B3T72",768454348.459062,"CCGTACTA","CCGTACTA",1,"p","NG-20110_2019_0016_lib334815_6442_2_1.fastq.gz,NG-20110_2019_0016_lib334815_6442_2_2.fastq.gz","DbMM-10","V5V6","GUT_784F_1064R - 25","FourC",7.626,"DbMM","B3_T72",22.07183761,27.73015988,3.612834152,0,0,8.268998671,2.365499698,7.040177674,"B3","T72",14474099977,15534,"B3T72","Firmicutes","Clostridia","Clostridiales","Lachnospiraceae","Flavonifractor","Lachnospiraceae_bacterium 7_1_58FAA",72
"169","Flavonifractor plautii","B3T96",728382511.481481,"CTAGGAGA","CTAGGAGA",1,"p","NG-20110_2019_0016_lib334815_6442_2_1.fastq.gz,NG-20110_2019_0016_lib334815_6442_2_2.fastq.gz","DbMM-10","V5V6","GUT_784F_1064R - 29","FourC",103.734,"DbMM","B3_T96",21.93345407,27.54389753,3.740875716,0,0,9.20549788,2.368855865,7.5682296,"B3","T96",9499836315,105994,"B3T96","Firmicutes","Clostridia","Clostridiales","Lachnospiraceae","Flavonifractor","Lachnospiraceae_bacterium 7_1_58FAA",96
"47","Bacteroides ovatus","B2T24",725283045.638474,"ATGCCGGA","ATGCCGGA",1,"p","NG-20110_2019_0016_lib334815_6442_2_1.fastq.gz,NG-20110_2019_0016_lib334815_6442_2_2.fastq.gz","DbMM-10","V5V6","GUT_784F_1064R - 16","FourC",95.378,"DbMM","B2_T24",26.27502349,16.77507458,3.428240583,0,3.470297759,4.665329817,1.756421093,4.597960977,"B2","T24",14888363456,9301,"B2T24","Bacteroidetes","Bacteroidia","Bacteroidales","Bacteroidaceae","Bacteroides","Bacteroides_ovatus",24
"56","Bacteroides ovatus","B1T72",722197504.482686,"CCATGCGC","CCATGCGC",1,"p","NG-20110_2019_0016_lib334815_6442_2_1.fastq.gz,NG-20110_2019_0016_lib334815_6442_2_2.fastq.gz","DbMM-10","V5V6","GUT_784F_1064R - 23","FourC",6.471,"DbMM","B1_T72",25.52257493,23.90605535,4.191490449,0,0,11.00289343,2.345469048,6.980562644,"B1","T72",11765029432,33260,"B1T72","Bacteroidetes","Bacteroidia","Bacteroidales","Bacteroidaceae","Bacteroides","Bacteroides_ovatus",72
"45","Bacteroides ovatus","B2T48",688175266.301947,"CATAAGCG","CATAAGCG",1,"p","NG-20110_2019_0016_lib334815_6442_2_1.fastq.gz,NG-20110_2019_0016_lib334815_6442_2_2.fastq.gz","DbMM-10","V5V6","GUT_784F_1064R - 20","FourC",54.295,"DbMM","B2_T48",21.76055852,19.40504364,3.512249151,0,0,6.884226639,2.04235665,5.689015739,"B2","T48",11569368042,27572,"B2T48","Bacteroidetes","Bacteroidia","Bacteroidales","Bacteroidaceae","Bacteroides","Bacteroides_ovatus",48
"46","Bacteroides ovatus","B2T72",682053011.905579,"CCATTATG","CCATTATG",1,"p","NG-20110_2019_0016_lib334815_6442_2_1.fastq.gz,NG-20110_2019_0016_lib334815_6442_2_2.fastq.gz","DbMM-10","V5V6","GUT_784F_1064R - 24","FourC",19.595,"DbMM","B2_T72",25.78571083,25.01975492,4.328292932,0,0,10.24123424,2.026290552,6.030626644,"B2","T72",12224488598,38821,"B2T72","Bacteroidetes","Bacteroidia","Bacteroidales","Bacteroidaceae","Bacteroides","Bacteroides_ovatus",72
"63","Bacteroides ovatus","B4T72",678899543.607764,"CCGTCTGC","CCGTCTGC",1,"p","NG-20110_2019_0016_lib334815_6442_2_1.fastq.gz,NG-20110_2019_0016_lib334815_6442_2_2.fastq.gz","DbMM-10","V5V6","GUT_784F_1064R - 26","FourC",91.097,"DbMM","B4_T72",22.27149208,27.11674702,2.883506539,0,0,5.951572063,3.018117767,8.982493355,"B4","T72",18441380330,12563,"B4T72","Bacteroidetes","Bacteroidia","Bacteroidales","Bacteroidaceae","Bacteroides","Bacteroides_ovatus",72
"160","Flavonifractor plautii","B1T96",675905429.958626,"CGCAAGCT","CGCAAGCT",1,"p","NG-20110_2019_0016_lib334815_6442_2_1.fastq.gz,NG-20110_2019_0016_lib334815_6442_2_2.fastq.gz","DbMM-10","V5V6","GUT_784F_1064R - 27","FourC",88.485,"DbMM","B1_T96",25.22395254,24.60750205,4.191868346,0,0,11.28024586,2.324445079,7.426342106,"B1","T96",11860751449,33508,"B1T96","Firmicutes","Clostridia","Clostridiales","Lachnospiraceae","Flavonifractor","Lachnospiraceae_bacterium 7_1_58FAA",96
"167","Flavonifractor plautii","B4T96",632702912.823769,"CTCAGCGC","CTCAGCGC",1,"p","NG-20110_2019_0016_lib334815_6442_2_1.fastq.gz,NG-20110_2019_0016_lib334815_6442_2_2.fastq.gz","DbMM-10","V5V6","GUT_784F_1064R - 30","FourC",101.384,"DbMM","B4_T96",21.87398843,28.57496357,2.994952443,0,0,8.780699827,2.993789653,9.564823173,"B4","T96",9842388239,78175,"B4T96","Firmicutes","Clostridia","Clostridiales","Lachnospiraceae","Flavonifractor","Lachnospiraceae_bacterium 7_1_58FAA",96
"51","Bacteroides ovatus","B2T96",611071673.563747,"CGGAAGAG","CGGAAGAG",1,"p","NG-20110_2019_0016_lib334815_6442_2_1.fastq.gz,NG-20110_2019_0016_lib334815_6442_2_2.fastq.gz","DbMM-10","V5V6","GUT_784F_1064R - 28","FourC",93.987,"DbMM","B2_T96",25.24388551,25.16666207,4.225019225,0,0,10.65006013,2.144100952,6.850162785,"B2","T96",9125954236,32682,"B2T96","Bacteroidetes","Bacteroidia","Bacteroidales","Bacteroidaceae","Bacteroides","Bacteroides_ovatus",96
"162","Flavonifractor plautii","B3T48",552466114.253018,"CATGATGC","CATGATGC",1,"p","NG-20110_2019_0016_lib334815_6442_2_1.fastq.gz,NG-20110_2019_0016_lib334815_6442_2_2.fastq.gz","DbMM-10","V5V6","GUT_784F_1064R - 21","FourC",71.867,"DbMM","B3_T48",22.59040951,23.80062059,3.433571919,0,0,5.752565359,2.2148607,6.169528413,"B3","T48",13552395015,32933,"B3T48","Firmicutes","Clostridia","Clostridiales","Lachnospiraceae","Flavonifractor","Lachnospiraceae_bacterium 7_1_58FAA",48
"53","Bacteroides ovatus","B1T96",543193404.898257,"CGCAAGCT","CGCAAGCT",1,"p","NG-20110_2019_0016_lib334815_6442_2_1.fastq.gz,NG-20110_2019_0016_lib334815_6442_2_2.fastq.gz","DbMM-10","V5V6","GUT_784F_1064R - 27","FourC",88.485,"DbMM","B1_T96",25.22395254,24.60750205,4.191868346,0,0,11.28024586,2.324445079,7.426342106,"B1","T96",11860751449,33508,"B1T96","Bacteroidetes","Bacteroidia","Bacteroidales","Bacteroidaceae","Bacteroides","Bacteroides_ovatus",96
"88","Bacteroides xylanisolvens","B4T96",530853175.637504,"CTCAGCGC","CTCAGCGC",1,"p","NG-20110_2019_0016_lib334815_6442_2_1.fastq.gz,NG-20110_2019_0016_lib334815_6442_2_2.fastq.gz","DbMM-10","V5V6","GUT_784F_1064R - 30","FourC",101.384,"DbMM","B4_T96",21.87398843,28.57496357,2.994952443,0,0,8.780699827,2.993789653,9.564823173,"B4","T96",9842388239,78175,"B4T96","Bacteroidetes","Bacteroidia","Bacteroidales","Bacteroidaceae","Bacteroides","Bacteroides_xylanisolvens",96
"163","Flavonifractor plautii","B1T72",459860804.136411,"CCATGCGC","CCATGCGC",1,"p","NG-20110_2019_0016_lib334815_6442_2_1.fastq.gz,NG-20110_2019_0016_lib334815_6442_2_2.fastq.gz","DbMM-10","V5V6","GUT_784F_1064R - 23","FourC",6.471,"DbMM","B1_T72",25.52257493,23.90605535,4.191490449,0,0,11.00289343,2.345469048,6.980562644,"B1","T72",11765029432,33260,"B1T72","Firmicutes","Clostridia","Clostridiales","Lachnospiraceae","Flavonifractor","Lachnospiraceae_bacterium 7_1_58FAA",72
"171","Flavonifractor plautii","B2T96",456760644.886033,"CGGAAGAG","CGGAAGAG",1,"p","NG-20110_2019_0016_lib334815_6442_2_1.fastq.gz,NG-20110_2019_0016_lib334815_6442_2_2.fastq.gz","DbMM-10","V5V6","GUT_784F_1064R - 28","FourC",93.987,"DbMM","B2_T96",25.24388551,25.16666207,4.225019225,0,0,10.65006013,2.144100952,6.850162785,"B2","T96",9125954236,32682,"B2T96","Firmicutes","Clostridia","Clostridiales","Lachnospiraceae","Flavonifractor","Lachnospiraceae_bacterium 7_1_58FAA",96
"161","Flavonifractor plautii","B2T72",456759483.086089,"CCATTATG","CCATTATG",1,"p","NG-20110_2019_0016_lib334815_6442_2_1.fastq.gz,NG-20110_2019_0016_lib334815_6442_2_2.fastq.gz","DbMM-10","V5V6","GUT_784F_1064R - 24","FourC",19.595,"DbMM","B2_T72",25.78571083,25.01975492,4.328292932,0,0,10.24123424,2.026290552,6.030626644,"B2","T72",12224488598,38821,"B2T72","Firmicutes","Clostridia","Clostridiales","Lachnospiraceae","Flavonifractor","Lachnospiraceae_bacterium 7_1_58FAA",72
"164","Flavonifractor plautii","B2T48",432038283.777007,"CATAAGCG","CATAAGCG",1,"p","NG-20110_2019_0016_lib334815_6442_2_1.fastq.gz,NG-20110_2019_0016_lib334815_6442_2_2.fastq.gz","DbMM-10","V5V6","GUT_784F_1064R - 20","FourC",54.295,"DbMM","B2_T48",21.76055852,19.40504364,3.512249151,0,0,6.884226639,2.04235665,5.689015739,"B2","T48",11569368042,27572,"B2T48","Firmicutes","Clostridia","Clostridiales","Lachnospiraceae","Flavonifractor","Lachnospiraceae_bacterium 7_1_58FAA",48
"49","Bacteroides ovatus","B1T24",425944549.348837,"ATATCCGC","ATATCCGC",1,"p","NG-20110_2019_0016_lib334815_6442_2_1.fastq.gz,NG-20110_2019_0016_lib334815_6442_2_2.fastq.gz","DbMM-10","V5V6","GUT_784F_1064R - 15","FourC",92.958,"DbMM","B1_T24",27.06585287,16.61526127,4.701462225,0,4.902289542,4.336492395,1.816739597,4.755862819,"B1","T24",12343132267,51138,"B1T24","Bacteroidetes","Bacteroidia","Bacteroidales","Bacteroidaceae","Bacteroides","Bacteroides_ovatus",24
"155","Flavonifractor plautii","B1T48",391999283.206226,"CAACGAGG","CAACGAGG",1,"p","NG-20110_2019_0016_lib334815_6442_2_1.fastq.gz,NG-20110_2019_0016_lib334815_6442_2_2.fastq.gz","DbMM-10","V5V6","GUT_784F_1064R - 19","FourC",113.547,"DbMM","B1_T48",25.9164472,21.16638018,4.060683936,0,0,9.330743519,2.215862838,6.172319884,"B1","T48",11898875880,54736,"B1T48","Firmicutes","Clostridia","Clostridiales","Lachnospiraceae","Flavonifractor","Lachnospiraceae_bacterium 7_1_58FAA",48
"165","Flavonifractor plautii","B3T24",391967631.317073,"ATGCGATT","ATGCGATT",1,"p","NG-20110_2019_0016_lib334815_6442_2_1.fastq.gz,NG-20110_2019_0016_lib334815_6442_2_2.fastq.gz","DbMM-10","V5V6","GUT_784F_1064R - 17","FourC",86.871,"DbMM","B3_T24",26.02415696,15.30651563,4.340806865,0,7.169377347,3.580023072,1.480225824,3.874936712,"B3","T24",16070672884,62475,"B3T24","Firmicutes","Clostridia","Clostridiales","Lachnospiraceae","Flavonifractor","Lachnospiraceae_bacterium 7_1_58FAA",24
"195","Roseburia intestinalis","B3T24",336413163.886307,"ATGCGATT","ATGCGATT",1,"p","NG-20110_2019_0016_lib334815_6442_2_1.fastq.gz,NG-20110_2019_0016_lib334815_6442_2_2.fastq.gz","DbMM-10","V5V6","GUT_784F_1064R - 17","FourC",86.871,"DbMM","B3_T24",26.02415696,15.30651563,4.340806865,0,7.169377347,3.580023072,1.480225824,3.874936712,"B3","T24",16070672884,62475,"B3T24","Firmicutes","Clostridia","Clostridiales","Lachnospiraceae","Roseburia","Roseburia_intestinalis",24
"158","Flavonifractor plautii","B2T24",330235259.077944,"ATGCCGGA","ATGCCGGA",1,"p","NG-20110_2019_0016_lib334815_6442_2_1.fastq.gz,NG-20110_2019_0016_lib334815_6442_2_2.fastq.gz","DbMM-10","V5V6","GUT_784F_1064R - 16","FourC",95.378,"DbMM","B2_T24",26.27502349,16.77507458,3.428240583,0,3.470297759,4.665329817,1.756421093,4.597960977,"B2","T24",14888363456,9301,"B2T24","Firmicutes","Clostridia","Clostridiales","Lachnospiraceae","Flavonifractor","Lachnospiraceae_bacterium 7_1_58FAA",24
"60","Bacteroides ovatus","B4T96",299376500.214174,"CTCAGCGC","CTCAGCGC",1,"p","NG-20110_2019_0016_lib334815_6442_2_1.fastq.gz,NG-20110_2019_0016_lib334815_6442_2_2.fastq.gz","DbMM-10","V5V6","GUT_784F_1064R - 30","FourC",101.384,"DbMM","B4_T96",21.87398843,28.57496357,2.994952443,0,0,8.780699827,2.993789653,9.564823173,"B4","T96",9842388239,78175,"B4T96","Bacteroidetes","Bacteroidia","Bacteroidales","Bacteroidaceae","Bacteroides","Bacteroides_ovatus",96
"156","Flavonifractor plautii","B1T24",268530259.372093,"ATATCCGC","ATATCCGC",1,"p","NG-20110_2019_0016_lib334815_6442_2_1.fastq.gz,NG-20110_2019_0016_lib334815_6442_2_2.fastq.gz","DbMM-10","V5V6","GUT_784F_1064R - 15","FourC",92.958,"DbMM","B1_T24",27.06585287,16.61526127,4.701462225,0,4.902289542,4.336492395,1.816739597,4.755862819,"B1","T24",12343132267,51138,"B1T24","Firmicutes","Clostridia","Clostridiales","Lachnospiraceae","Flavonifractor","Lachnospiraceae_bacterium 7_1_58FAA",24
"41","Anaerobutyricum soehngenii","B4T24",249960030.103262,"CAACCTCT","CAACCTCT",1,"p","NG-20110_2019_0016_lib334815_6442_2_1.fastq.gz,NG-20110_2019_0016_lib334815_6442_2_2.fastq.gz","DbMM-10","V5V6","GUT_784F_1064R - 18","FourC",76.295,"DbMM","B4_T24",28.24835207,10.72363349,2.004343638,0,5.804676832,3.1597675,1.987097752,5.201826577,"B4","T24",22234098974,75137,"B4T24","Firmicutes","Clostridia","Clostridiales","Eubacteriaceae","Anaerobutyricum","Anaerobutyricum_soehngenii",24
"218","Subdoligranulum variabile","B4T48",212945843.747667,"CATTGCCA","CATTGCCA",1,"p","NG-20110_2019_0016_lib334815_6442_2_1.fastq.gz,NG-20110_2019_0016_lib334815_6442_2_2.fastq.gz","DbMM-10","V5V6","GUT_784F_1064R - 22","FourC",53.569,"DbMM","B4_T48",25.13609867,19.81234677,2.687733094,0,6.393739668,4.093234207,2.318024137,6.456891746,"B4","T48",22161798608,33630,"B4T48","Firmicutes","Clostridia","Clostridiales","Ruminococcaceae","Subdoligranulum","Subdoligranulum_variabile",48
"183","Roseburia intestinalis","B1T48",200629554.396887,"CAACGAGG","CAACGAGG",1,"p","NG-20110_2019_0016_lib334815_6442_2_1.fastq.gz,NG-20110_2019_0016_lib334815_6442_2_2.fastq.gz","DbMM-10","V5V6","GUT_784F_1064R - 19","FourC",113.547,"DbMM","B1_T48",25.9164472,21.16638018,4.060683936,0,0,9.330743519,2.215862838,6.172319884,"B1","T48",11898875880,54736,"B1T48","Firmicutes","Clostridia","Clostridiales","Lachnospiraceae","Roseburia","Roseburia_intestinalis",48
"219","Subdoligranulum variabile","B4T72",197498049.049531,"CCGTCTGC","CCGTCTGC",1,"p","NG-20110_2019_0016_lib334815_6442_2_1.fastq.gz,NG-20110_2019_0016_lib334815_6442_2_2.fastq.gz","DbMM-10","V5V6","GUT_784F_1064R - 26","FourC",91.097,"DbMM","B4_T72",22.27149208,27.11674702,2.883506539,0,0,5.951572063,3.018117767,8.982493355,"B4","T72",18441380330,12563,"B4T72","Firmicutes","Clostridia","Clostridiales","Ruminococcaceae","Subdoligranulum","Subdoligranulum_variabile",72
"217","Subdoligranulum variabile","B3T72",191342046.604264,"CCGTACTA","CCGTACTA",1,"p","NG-20110_2019_0016_lib334815_6442_2_1.fastq.gz,NG-20110_2019_0016_lib334815_6442_2_2.fastq.gz","DbMM-10","V5V6","GUT_784F_1064R - 25","FourC",7.626,"DbMM","B3_T72",22.07183761,27.73015988,3.612834152,0,0,8.268998671,2.365499698,7.040177674,"B3","T72",14474099977,15534,"B3T72","Firmicutes","Clostridia","Clostridiales","Ruminococcaceae","Subdoligranulum","Subdoligranulum_variabile",72
"99","Coprococcus catus","B4T24",188241504.151839,"CAACCTCT","CAACCTCT",1,"p","NG-20110_2019_0016_lib334815_6442_2_1.fastq.gz,NG-20110_2019_0016_lib334815_6442_2_2.fastq.gz","DbMM-10","V5V6","GUT_784F_1064R - 18","FourC",76.295,"DbMM","B4_T24",28.24835207,10.72363349,2.004343638,0,5.804676832,3.1597675,1.987097752,5.201826577,"B4","T24",22234098974,75137,"B4T24","Firmicutes","Clostridia","Clostridiales","Lachnospiraceae","Coprococcus","Coprococcus_catus",24
"220","Subdoligranulum variabile","B4T24",188241504.151839,"CAACCTCT","CAACCTCT",1,"p","NG-20110_2019_0016_lib334815_6442_2_1.fastq.gz,NG-20110_2019_0016_lib334815_6442_2_2.fastq.gz","DbMM-10","V5V6","GUT_784F_1064R - 18","FourC",76.295,"DbMM","B4_T24",28.24835207,10.72363349,2.004343638,0,5.804676832,3.1597675,1.987097752,5.201826577,"B4","T24",22234098974,75137,"B4T24","Firmicutes","Clostridia","Clostridiales","Ruminococcaceae","Subdoligranulum","Subdoligranulum_variabile",24
"216","Subdoligranulum variabile","B4T96",169749561.977109,"CTCAGCGC","CTCAGCGC",1,"p","NG-20110_2019_0016_lib334815_6442_2_1.fastq.gz,NG-20110_2019_0016_lib334815_6442_2_2.fastq.gz","DbMM-10","V5V6","GUT_784F_1064R - 30","FourC",101.384,"DbMM","B4_T96",21.87398843,28.57496357,2.994952443,0,0,8.780699827,2.993789653,9.564823173,"B4","T96",9842388239,78175,"B4T96","Firmicutes","Clostridia","Clostridiales","Ruminococcaceae","Subdoligranulum","Subdoligranulum_variabile",96
"94","Coprococcus catus","B2T24",169747095.787728,"ATGCCGGA","ATGCCGGA",1,"p","NG-20110_2019_0016_lib334815_6442_2_1.fastq.gz,NG-20110_2019_0016_lib334815_6442_2_2.fastq.gz","DbMM-10","V5V6","GUT_784F_1064R - 16","FourC",95.378,"DbMM","B2_T24",26.27502349,16.77507458,3.428240583,0,3.470297759,4.665329817,1.756421093,4.597960977,"B2","T24",14888363456,9301,"B2T24","Firmicutes","Clostridia","Clostridiales","Lachnospiraceae","Coprococcus","Coprococcus_catus",24
"181","Roseburia intestinalis","B2T48",148127411.580688,"CATAAGCG","CATAAGCG",1,"p","NG-20110_2019_0016_lib334815_6442_2_1.fastq.gz,NG-20110_2019_0016_lib334815_6442_2_2.fastq.gz","DbMM-10","V5V6","GUT_784F_1064R - 20","FourC",54.295,"DbMM","B2_T48",21.76055852,19.40504364,3.512249151,0,0,6.884226639,2.04235665,5.689015739,"B2","T48",11569368042,27572,"B2T48","Firmicutes","Clostridia","Clostridiales","Lachnospiraceae","Roseburia","Roseburia_intestinalis",48
"214","Subdoligranulum variabile","B3T96",138886495.833333,"CTAGGAGA","CTAGGAGA",1,"p","NG-20110_2019_0016_lib334815_6442_2_1.fastq.gz,NG-20110_2019_0016_lib334815_6442_2_2.fastq.gz","DbMM-10","V5V6","GUT_784F_1064R - 29","FourC",103.734,"DbMM","B3_T96",21.93345407,27.54389753,3.740875716,0,0,9.20549788,2.368855865,7.5682296,"B3","T96",9499836315,105994,"B3T96","Firmicutes","Clostridia","Clostridiales","Ruminococcaceae","Subdoligranulum","Subdoligranulum_variabile",96
"211","Subdoligranulum variabile","B3T48",117283309.171032,"CATGATGC","CATGATGC",1,"p","NG-20110_2019_0016_lib334815_6442_2_1.fastq.gz,NG-20110_2019_0016_lib334815_6442_2_2.fastq.gz","DbMM-10","V5V6","GUT_784F_1064R - 21","FourC",71.867,"DbMM","B3_T48",22.59040951,23.80062059,3.433571919,0,0,5.752565359,2.2148607,6.169528413,"B3","T48",13552395015,32933,"B3T48","Firmicutes","Clostridia","Clostridiales","Ruminococcaceae","Subdoligranulum","Subdoligranulum_variabile",48
"92","Coprococcus catus","B1T24",95683195.8682171,"ATATCCGC","ATATCCGC",1,"p","NG-20110_2019_0016_lib334815_6442_2_1.fastq.gz,NG-20110_2019_0016_lib334815_6442_2_2.fastq.gz","DbMM-10","V5V6","GUT_784F_1064R - 15","FourC",92.958,"DbMM","B1_T24",27.06585287,16.61526127,4.701462225,0,4.902289542,4.336492395,1.816739597,4.755862819,"B1","T24",12343132267,51138,"B1T24","Firmicutes","Clostridia","Clostridiales","Lachnospiraceae","Coprococcus","Coprococcus_catus",24
"108","Coprococcus catus","B3T72",74067889.0081024,"CCGTACTA","CCGTACTA",1,"p","NG-20110_2019_0016_lib334815_6442_2_1.fastq.gz,NG-20110_2019_0016_lib334815_6442_2_2.fastq.gz","DbMM-10","V5V6","GUT_784F_1064R - 25","FourC",7.626,"DbMM","B3_T72",22.07183761,27.73015988,3.612834152,0,0,8.268998671,2.365499698,7.040177674,"B3","T72",14474099977,15534,"B3T72","Firmicutes","Clostridia","Clostridiales","Lachnospiraceae","Coprococcus","Coprococcus_catus",72
"91","Coprococcus catus","B2T48",70977718.0490798,"CATAAGCG","CATAAGCG",1,"p","NG-20110_2019_0016_lib334815_6442_2_1.fastq.gz,NG-20110_2019_0016_lib334815_6442_2_2.fastq.gz","DbMM-10","V5V6","GUT_784F_1064R - 20","FourC",54.295,"DbMM","B2_T48",21.76055852,19.40504364,3.512249151,0,0,6.884226639,2.04235665,5.689015739,"B2","T48",11569368042,27572,"B2T48","Firmicutes","Clostridia","Clostridiales","Lachnospiraceae","Coprococcus","Coprococcus_catus",48
"180","Roseburia intestinalis","B1T72",64812596.5561385,"CCATGCGC","CCATGCGC",1,"p","NG-20110_2019_0016_lib334815_6442_2_1.fastq.gz,NG-20110_2019_0016_lib334815_6442_2_2.fastq.gz","DbMM-10","V5V6","GUT_784F_1064R - 23","FourC",6.471,"DbMM","B1_T72",25.52257493,23.90605535,4.191490449,0,0,11.00289343,2.345469048,6.980562644,"B1","T72",11765029432,33260,"B1T72","Firmicutes","Clostridia","Clostridiales","Lachnospiraceae","Roseburia","Roseburia_intestinalis",72
"97","Coprococcus catus","B2T72",61724254.4710932,"CCATTATG","CCATTATG",1,"p","NG-20110_2019_0016_lib334815_6442_2_1.fastq.gz,NG-20110_2019_0016_lib334815_6442_2_2.fastq.gz","DbMM-10","V5V6","GUT_784F_1064R - 24","FourC",19.595,"DbMM","B2_T72",25.78571083,25.01975492,4.328292932,0,0,10.24123424,2.026290552,6.030626644,"B2","T72",12224488598,38821,"B2T72","Firmicutes","Clostridia","Clostridiales","Lachnospiraceae","Coprococcus","Coprococcus_catus",72
"89","Coprococcus catus","B1T48",58645562.0544747,"CAACGAGG","CAACGAGG",1,"p","NG-20110_2019_0016_lib334815_6442_2_1.fastq.gz,NG-20110_2019_0016_lib334815_6442_2_2.fastq.gz","DbMM-10","V5V6","GUT_784F_1064R - 19","FourC",113.547,"DbMM","B1_T48",25.9164472,21.16638018,4.060683936,0,0,9.330743519,2.215862838,6.172319884,"B1","T48",11898875880,54736,"B1T48","Firmicutes","Clostridia","Clostridiales","Lachnospiraceae","Coprococcus","Coprococcus_catus",48
"190","Roseburia intestinalis","B4T48",55551089.6733046,"CATTGCCA","CATTGCCA",1,"p","NG-20110_2019_0016_lib334815_6442_2_1.fastq.gz,NG-20110_2019_0016_lib334815_6442_2_2.fastq.gz","DbMM-10","V5V6","GUT_784F_1064R - 22","FourC",53.569,"DbMM","B4_T48",25.13609867,19.81234677,2.687733094,0,6.393739668,4.093234207,2.318024137,6.456891746,"B4","T48",22161798608,33630,"B4T48","Firmicutes","Clostridia","Clostridiales","Lachnospiraceae","Roseburia","Roseburia_intestinalis",48
"101","Coprococcus catus","B3T24",52468108.129057,"ATGCGATT","ATGCGATT",1,"p","NG-20110_2019_0016_lib334815_6442_2_1.fastq.gz,NG-20110_2019_0016_lib334815_6442_2_2.fastq.gz","DbMM-10","V5V6","GUT_784F_1064R - 17","FourC",86.871,"DbMM","B3_T24",26.02415696,15.30651563,4.340806865,0,7.169377347,3.580023072,1.480225824,3.874936712,"B3","T24",16070672884,62475,"B3T24","Firmicutes","Clostridia","Clostridiales","Lachnospiraceae","Coprococcus","Coprococcus_catus",24
"201","Subdoligranulum variabile","B3T24",52468108.129057,"ATGCGATT","ATGCGATT",1,"p","NG-20110_2019_0016_lib334815_6442_2_1.fastq.gz,NG-20110_2019_0016_lib334815_6442_2_2.fastq.gz","DbMM-10","V5V6","GUT_784F_1064R - 17","FourC",86.871,"DbMM","B3_T24",26.02415696,15.30651563,4.340806865,0,7.169377347,3.580023072,1.480225824,3.874936712,"B3","T24",16070672884,62475,"B3T24","Firmicutes","Clostridia","Clostridiales","Ruminococcaceae","Subdoligranulum","Subdoligranulum_variabile",24
"182","Roseburia intestinalis","B2T72",52465616.3004292,"CCATTATG","CCATTATG",1,"p","NG-20110_2019_0016_lib334815_6442_2_1.fastq.gz,NG-20110_2019_0016_lib334815_6442_2_2.fastq.gz","DbMM-10","V5V6","GUT_784F_1064R - 24","FourC",19.595,"DbMM","B2_T72",25.78571083,25.01975492,4.328292932,0,0,10.24123424,2.026290552,6.030626644,"B2","T72",12224488598,38821,"B2T72","Firmicutes","Clostridia","Clostridiales","Lachnospiraceae","Roseburia","Roseburia_intestinalis",72
"197","Roseburia intestinalis","B3T72",52464754.7140725,"CCGTACTA","CCGTACTA",1,"p","NG-20110_2019_0016_lib334815_6442_2_1.fastq.gz,NG-20110_2019_0016_lib334815_6442_2_2.fastq.gz","DbMM-10","V5V6","GUT_784F_1064R - 25","FourC",7.626,"DbMM","B3_T72",22.07183761,27.73015988,3.612834152,0,0,8.268998671,2.365499698,7.040177674,"B3","T72",14474099977,15534,"B3T72","Firmicutes","Clostridia","Clostridiales","Lachnospiraceae","Roseburia","Roseburia_intestinalis",72
"107","Coprococcus catus","B2T96",49379529.1768684,"CGGAAGAG","CGGAAGAG",1,"p","NG-20110_2019_0016_lib334815_6442_2_1.fastq.gz,NG-20110_2019_0016_lib334815_6442_2_2.fastq.gz","DbMM-10","V5V6","GUT_784F_1064R - 28","FourC",93.987,"DbMM","B2_T96",25.24388551,25.16666207,4.225019225,0,0,10.65006013,2.144100952,6.850162785,"B2","T96",9125954236,32682,"B2T96","Firmicutes","Clostridia","Clostridiales","Lachnospiraceae","Coprococcus","Coprococcus_catus",96
"35","Anaerobutyricum soehngenii","B4T72",49374512.2623829,"CCGTCTGC","CCGTCTGC",1,"p","NG-20110_2019_0016_lib334815_6442_2_1.fastq.gz,NG-20110_2019_0016_lib334815_6442_2_2.fastq.gz","DbMM-10","V5V6","GUT_784F_1064R - 26","FourC",91.097,"DbMM","B4_T72",22.27149208,27.11674702,2.883506539,0,0,5.951572063,3.018117767,8.982493355,"B4","T72",18441380330,12563,"B4T72","Firmicutes","Clostridia","Clostridiales","Eubacteriaceae","Anaerobutyricum","Anaerobutyricum_soehngenii",72
"98","Coprococcus catus","B3T48",46296043.0938283,"CATGATGC","CATGATGC",1,"p","NG-20110_2019_0016_lib334815_6442_2_1.fastq.gz,NG-20110_2019_0016_lib334815_6442_2_2.fastq.gz","DbMM-10","V5V6","GUT_784F_1064R - 21","FourC",71.867,"DbMM","B3_T48",22.59040951,23.80062059,3.433571919,0,0,5.752565359,2.2148607,6.169528413,"B3","T48",13552395015,32933,"B3T48","Firmicutes","Clostridia","Clostridiales","Lachnospiraceae","Coprococcus","Coprococcus_catus",48
"96","Coprococcus catus","B1T96",46294892.4629196,"CGCAAGCT","CGCAAGCT",1,"p","NG-20110_2019_0016_lib334815_6442_2_1.fastq.gz,NG-20110_2019_0016_lib334815_6442_2_2.fastq.gz","DbMM-10","V5V6","GUT_784F_1064R - 27","FourC",88.485,"DbMM","B1_T96",25.22395254,24.60750205,4.191868346,0,0,11.28024586,2.324445079,7.426342106,"B1","T96",11860751449,33508,"B1T96","Firmicutes","Clostridia","Clostridiales","Lachnospiraceae","Coprococcus","Coprococcus_catus",96
"177","Roseburia intestinalis","B1T96",46294892.4629196,"CGCAAGCT","CGCAAGCT",1,"p","NG-20110_2019_0016_lib334815_6442_2_1.fastq.gz,NG-20110_2019_0016_lib334815_6442_2_2.fastq.gz","DbMM-10","V5V6","GUT_784F_1064R - 27","FourC",88.485,"DbMM","B1_T96",25.22395254,24.60750205,4.191868346,0,0,11.28024586,2.324445079,7.426342106,"B1","T96",11860751449,33508,"B1T96","Firmicutes","Clostridia","Clostridiales","Lachnospiraceae","Roseburia","Roseburia_intestinalis",96
"90","Coprococcus catus","B1T72",43208397.7040923,"CCATGCGC","CCATGCGC",1,"p","NG-20110_2019_0016_lib334815_6442_2_1.fastq.gz,NG-20110_2019_0016_lib334815_6442_2_2.fastq.gz","DbMM-10","V5V6","GUT_784F_1064R - 23","FourC",6.471,"DbMM","B1_T72",25.52257493,23.90605535,4.191490449,0,0,11.00289343,2.345469048,6.980562644,"B1","T72",11765029432,33260,"B1T72","Firmicutes","Clostridia","Clostridiales","Lachnospiraceae","Coprococcus","Coprococcus_catus",72
"128","Eubacterium siraeum","B4T0",40784896.8289286,"AGTTATGC","AGTTATGC",1,"p","NG-20110_2019_0016_lib334815_6442_2_1.fastq.gz,NG-20110_2019_0016_lib334815_6442_2_2.fastq.gz","DbMM-10","V5V6","GUT_784F_1064R - 14","FourC",93.212,"DbMM","B4_T0",27.39920245,0,0.64359311,0,1.179891309,2.450430793,0,0,"B4","T0",87844393.17,33412,"B4T0","Firmicutes","Clostridia","Clostridiales","Eubacteriaceae","Eubacterium","Eubacterium_siraeum",0
"109","Coprococcus catus","B4T48",40120231.43072,"CATTGCCA","CATTGCCA",1,"p","NG-20110_2019_0016_lib334815_6442_2_1.fastq.gz,NG-20110_2019_0016_lib334815_6442_2_2.fastq.gz","DbMM-10","V5V6","GUT_784F_1064R - 22","FourC",53.569,"DbMM","B4_T48",25.13609867,19.81234677,2.687733094,0,6.393739668,4.093234207,2.318024137,6.456891746,"B4","T48",22161798608,33630,"B4T48","Firmicutes","Clostridia","Clostridiales","Lachnospiraceae","Coprococcus","Coprococcus_catus",48
"40","Anaerobutyricum soehngenii","B3T48",37036834.4750626,"CATGATGC","CATGATGC",1,"p","NG-20110_2019_0016_lib334815_6442_2_1.fastq.gz,NG-20110_2019_0016_lib334815_6442_2_2.fastq.gz","DbMM-10","V5V6","GUT_784F_1064R - 21","FourC",71.867,"DbMM","B3_T48",22.59040951,23.80062059,3.433571919,0,0,5.752565359,2.2148607,6.169528413,"B3","T48",13552395015,32933,"B3T48","Firmicutes","Clostridia","Clostridiales","Eubacteriaceae","Anaerobutyricum","Anaerobutyricum_soehngenii",48
"105","Coprococcus catus","B3T96",33950032.3148148,"CTAGGAGA","CTAGGAGA",1,"p","NG-20110_2019_0016_lib334815_6442_2_1.fastq.gz,NG-20110_2019_0016_lib334815_6442_2_2.fastq.gz","DbMM-10","V5V6","GUT_784F_1064R - 29","FourC",103.734,"DbMM","B3_T96",21.93345407,27.54389753,3.740875716,0,0,9.20549788,2.368855865,7.5682296,"B3","T96",9499836315,105994,"B3T96","Firmicutes","Clostridia","Clostridiales","Lachnospiraceae","Coprococcus","Coprococcus_catus",96
"188","Roseburia intestinalis","B2T96",33948426.3090971,"CGGAAGAG","CGGAAGAG",1,"p","NG-20110_2019_0016_lib334815_6442_2_1.fastq.gz,NG-20110_2019_0016_lib334815_6442_2_2.fastq.gz","DbMM-10","V5V6","GUT_784F_1064R - 28","FourC",93.987,"DbMM","B2_T96",25.24388551,25.16666207,4.225019225,0,0,10.65006013,2.144100952,6.850162785,"B2","T96",9125954236,32682,"B2T96","Firmicutes","Clostridia","Clostridiales","Lachnospiraceae","Roseburia","Roseburia_intestinalis",96
"192","Roseburia intestinalis","B3T48",30864028.7292189,"CATGATGC","CATGATGC",1,"p","NG-20110_2019_0016_lib334815_6442_2_1.fastq.gz,NG-20110_2019_0016_lib334815_6442_2_2.fastq.gz","DbMM-10","V5V6","GUT_784F_1064R - 21","FourC",71.867,"DbMM","B3_T48",22.59040951,23.80062059,3.433571919,0,0,5.752565359,2.2148607,6.169528413,"B3","T48",13552395015,32933,"B3T48","Firmicutes","Clostridia","Clostridiales","Lachnospiraceae","Roseburia","Roseburia_intestinalis",48
"209","Subdoligranulum variabile","B1T96",24690609.3135571,"CGCAAGCT","CGCAAGCT",1,"p","NG-20110_2019_0016_lib334815_6442_2_1.fastq.gz,NG-20110_2019_0016_lib334815_6442_2_2.fastq.gz","DbMM-10","V5V6","GUT_784F_1064R - 27","FourC",88.485,"DbMM","B1_T96",25.22395254,24.60750205,4.191868346,0,0,11.28024586,2.324445079,7.426342106,"B1","T96",11860751449,33508,"B1T96","Firmicutes","Clostridia","Clostridiales","Ruminococcaceae","Subdoligranulum","Subdoligranulum_variabile",96
"207","Subdoligranulum variabile","B2T96",21603544.0148799,"CGGAAGAG","CGGAAGAG",1,"p","NG-20110_2019_0016_lib334815_6442_2_1.fastq.gz,NG-20110_2019_0016_lib334815_6442_2_2.fastq.gz","DbMM-10","V5V6","GUT_784F_1064R - 28","FourC",93.987,"DbMM","B2_T96",25.24388551,25.16666207,4.225019225,0,0,10.65006013,2.144100952,6.850162785,"B2","T96",9125954236,32682,"B2T96","Firmicutes","Clostridia","Clostridiales","Ruminococcaceae","Subdoligranulum","Subdoligranulum_variabile",96
"187","Roseburia intestinalis","B4T72",21601349.1147925,"CCGTCTGC","CCGTCTGC",1,"p","NG-20110_2019_0016_lib334815_6442_2_1.fastq.gz,NG-20110_2019_0016_lib334815_6442_2_2.fastq.gz","DbMM-10","V5V6","GUT_784F_1064R - 26","FourC",91.097,"DbMM","B4_T72",22.27149208,27.11674702,2.883506539,0,0,5.951572063,3.018117767,8.982493355,"B4","T72",18441380330,12563,"B4T72","Firmicutes","Clostridia","Clostridiales","Lachnospiraceae","Roseburia","Roseburia_intestinalis",72
"30","Anaerobutyricum soehngenii","B3T24",18518155.8102554,"ATGCGATT","ATGCGATT",1,"p","NG-20110_2019_0016_lib334815_6442_2_1.fastq.gz,NG-20110_2019_0016_lib334815_6442_2_2.fastq.gz","DbMM-10","V5V6","GUT_784F_1064R - 17","FourC",86.871,"DbMM","B3_T24",26.02415696,15.30651563,4.340806865,0,7.169377347,3.580023072,1.480225824,3.874936712,"B3","T24",16070672884,62475,"B3T24","Firmicutes","Clostridia","Clostridiales","Eubacteriaceae","Anaerobutyricum","Anaerobutyricum_soehngenii",24
"199","Subdoligranulum variabile","B2T72",18517276.3413279,"CCATTATG","CCATTATG",1,"p","NG-20110_2019_0016_lib334815_6442_2_1.fastq.gz,NG-20110_2019_0016_lib334815_6442_2_2.fastq.gz","DbMM-10","V5V6","GUT_784F_1064R - 24","FourC",19.595,"DbMM","B2_T72",25.78571083,25.01975492,4.328292932,0,0,10.24123424,2.026290552,6.030626644,"B2","T72",12224488598,38821,"B2T72","Firmicutes","Clostridia","Clostridiales","Ruminococcaceae","Subdoligranulum","Subdoligranulum_variabile",72
"130","Eubacterium siraeum","B3T0",16499343.7214286,"AGTCGCGC","AGTCGCGC",1,"p","NG-20110_2019_0016_lib334815_6442_2_1.fastq.gz,NG-20110_2019_0016_lib334815_6442_2_2.fastq.gz","DbMM-10","V5V6","GUT_784F_1064R - 13","FourC",7.296,"DbMM","B3_T0",27.70512832,0,0.331749445,0,1.078686962,2.445622105,0,0,"B3","T0",23099081.21,20516,"B3T0","Firmicutes","Clostridia","Clostridiales","Eubacteriaceae","Eubacterium","Eubacterium_siraeum",0
"212","Subdoligranulum variabile","B1T72",15431570.6086044,"CCATGCGC","CCATGCGC",1,"p","NG-20110_2019_0016_lib334815_6442_2_1.fastq.gz,NG-20110_2019_0016_lib334815_6442_2_2.fastq.gz","DbMM-10","V5V6","GUT_784F_1064R - 23","FourC",6.471,"DbMM","B1_T72",25.52257493,23.90605535,4.191490449,0,0,11.00289343,2.345469048,6.980562644,"B1","T72",11765029432,33260,"B1T72","Firmicutes","Clostridia","Clostridiales","Ruminococcaceae","Subdoligranulum","Subdoligranulum_variabile",72
"38","Anaerobutyricum soehngenii","B4T48",15430858.2425846,"CATTGCCA","CATTGCCA",1,"p","NG-20110_2019_0016_lib334815_6442_2_1.fastq.gz,NG-20110_2019_0016_lib334815_6442_2_2.fastq.gz","DbMM-10","V5V6","GUT_784F_1064R - 22","FourC",53.569,"DbMM","B4_T48",25.13609867,19.81234677,2.687733094,0,6.393739668,4.093234207,2.318024137,6.456891746,"B4","T48",22161798608,33630,"B4T48","Firmicutes","Clostridia","Clostridiales","Eubacteriaceae","Anaerobutyricum","Anaerobutyricum_soehngenii",48
"111","Eubacterium siraeum","B2T0",13907119.5266667,"AGGTTATG","AGGTTATG",1,"p","NG-20110_2019_0016_lib334815_6442_2_1.fastq.gz,NG-20110_2019_0016_lib334815_6442_2_2.fastq.gz","DbMM-10","V5V6","GUT_784F_1064R - 12","FourC",6.502,"DbMM","B2_T0",27.64607865,0,0.320134737,0,1.115766125,2.494372781,0,0,"B2","T0",20860679.29,18444,"B2T0","Firmicutes","Clostridia","Clostridiales","Eubacteriaceae","Eubacterium","Eubacterium_siraeum",0
"150","Faecalibacterium prausnitzii","B4T0",12549199.0242857,"AGTTATGC","AGTTATGC",1,"p","NG-20110_2019_0016_lib334815_6442_2_1.fastq.gz,NG-20110_2019_0016_lib334815_6442_2_2.fastq.gz","DbMM-10","V5V6","GUT_784F_1064R - 14","FourC",93.212,"DbMM","B4_T0",27.39920245,0,0.64359311,0,1.179891309,2.450430793,0,0,"B4","T0",87844393.17,33412,"B4T0","Firmicutes","Clostridia","Clostridiales","Ruminococcaceae","Faecalibacterium","Faecalibacterium_prausnitzii",0
"34","Anaerobutyricum soehngenii","B1T24",12346218.8217054,"ATATCCGC","ATATCCGC",1,"p","NG-20110_2019_0016_lib334815_6442_2_1.fastq.gz,NG-20110_2019_0016_lib334815_6442_2_2.fastq.gz","DbMM-10","V5V6","GUT_784F_1064R - 15","FourC",92.958,"DbMM","B1_T24",27.06585287,16.61526127,4.701462225,0,4.902289542,4.336492395,1.816739597,4.755862819,"B1","T24",12343132267,51138,"B1T24","Firmicutes","Clostridia","Clostridiales","Eubacteriaceae","Anaerobutyricum","Anaerobutyricum_soehngenii",24
"43","Anaerobutyricum soehngenii","B3T96",12345466.2962963,"CTAGGAGA","CTAGGAGA",1,"p","NG-20110_2019_0016_lib334815_6442_2_1.fastq.gz,NG-20110_2019_0016_lib334815_6442_2_2.fastq.gz","DbMM-10","V5V6","GUT_784F_1064R - 29","FourC",103.734,"DbMM","B3_T96",21.93345407,27.54389753,3.740875716,0,0,9.20549788,2.368855865,7.5682296,"B3","T96",9499836315,105994,"B3T96","Firmicutes","Clostridia","Clostridiales","Eubacteriaceae","Anaerobutyricum","Anaerobutyricum_soehngenii",96
"198","Roseburia intestinalis","B3T96",12345466.2962963,"CTAGGAGA","CTAGGAGA",1,"p","NG-20110_2019_0016_lib334815_6442_2_1.fastq.gz,NG-20110_2019_0016_lib334815_6442_2_2.fastq.gz","DbMM-10","V5V6","GUT_784F_1064R - 29","FourC",103.734,"DbMM","B3_T96",21.93345407,27.54389753,3.740875716,0,0,9.20549788,2.368855865,7.5682296,"B3","T96",9499836315,105994,"B3T96","Firmicutes","Clostridia","Clostridiales","Lachnospiraceae","Roseburia","Roseburia_intestinalis",96
"200","Subdoligranulum variabile","B2T48",12343950.9650573,"CATAAGCG","CATAAGCG",1,"p","NG-20110_2019_0016_lib334815_6442_2_1.fastq.gz,NG-20110_2019_0016_lib334815_6442_2_2.fastq.gz","DbMM-10","V5V6","GUT_784F_1064R - 20","FourC",54.295,"DbMM","B2_T48",21.76055852,19.40504364,3.512249151,0,0,6.884226639,2.04235665,5.689015739,"B2","T48",11569368042,27572,"B2T48","Firmicutes","Clostridia","Clostridiales","Ruminococcaceae","Subdoligranulum","Subdoligranulum_variabile",48
"85","Bacteroides xylanisolvens","B4T0",9411899.26821429,"AGTTATGC","AGTTATGC",1,"p","NG-20110_2019_0016_lib334815_6442_2_1.fastq.gz,NG-20110_2019_0016_lib334815_6442_2_2.fastq.gz","DbMM-10","V5V6","GUT_784F_1064R - 14","FourC",93.212,"DbMM","B4_T0",27.39920245,0,0.64359311,0,1.179891309,2.450430793,0,0,"B4","T0",87844393.17,33412,"B4T0","Bacteroidetes","Bacteroidia","Bacteroidales","Bacteroidaceae","Bacteroides","Bacteroides_xylanisolvens",0
"196","Roseburia intestinalis","B4T0",9411899.26821429,"AGTTATGC","AGTTATGC",1,"p","NG-20110_2019_0016_lib334815_6442_2_1.fastq.gz,NG-20110_2019_0016_lib334815_6442_2_2.fastq.gz","DbMM-10","V5V6","GUT_784F_1064R - 14","FourC",93.212,"DbMM","B4_T0",27.39920245,0,0.64359311,0,1.179891309,2.450430793,0,0,"B4","T0",87844393.17,33412,"B4T0","Firmicutes","Clostridia","Clostridiales","Lachnospiraceae","Roseburia","Roseburia_intestinalis",0
"121","Eubacterium siraeum","B1T0",9303768.84428571,"AGGTCGAA","AGGTCGAA",1,"p","NG-20110_2019_0016_lib334815_6442_2_1.fastq.gz,NG-20110_2019_0016_lib334815_6442_2_2.fastq.gz","DbMM-10","V5V6","GUT_784F_1064R - 11","FourC",11.491,"DbMM","B1_T0",28.735409,0,0.857358652,0,1.378493175,2.576809639,0,0,"B1","T0",21708793.97,25973,"B1T0","Firmicutes","Clostridia","Clostridiales","Eubacteriaceae","Eubacterium","Eubacterium_siraeum",0
"31","Anaerobutyricum soehngenii","B1T48",9259825.58754864,"CAACGAGG","CAACGAGG",1,"p","NG-20110_2019_0016_lib334815_6442_2_1.fastq.gz,NG-20110_2019_0016_lib334815_6442_2_2.fastq.gz","DbMM-10","V5V6","GUT_784F_1064R - 19","FourC",113.547,"DbMM","B1_T48",25.9164472,21.16638018,4.060683936,0,0,9.330743519,2.215862838,6.172319884,"B1","T48",11898875880,54736,"B1T48","Firmicutes","Clostridia","Clostridiales","Eubacteriaceae","Anaerobutyricum","Anaerobutyricum_soehngenii",48
"32","Anaerobutyricum soehngenii","B4T96",9259067.01693321,"CTCAGCGC","CTCAGCGC",1,"p","NG-20110_2019_0016_lib334815_6442_2_1.fastq.gz,NG-20110_2019_0016_lib334815_6442_2_2.fastq.gz","DbMM-10","V5V6","GUT_784F_1064R - 30","FourC",101.384,"DbMM","B4_T96",21.87398843,28.57496357,2.994952443,0,0,8.780699827,2.993789653,9.564823173,"B4","T96",9842388239,78175,"B4T96","Firmicutes","Clostridia","Clostridiales","Eubacteriaceae","Anaerobutyricum","Anaerobutyricum_soehngenii",96
"184","Roseburia intestinalis","B4T96",9259067.01693321,"CTCAGCGC","CTCAGCGC",1,"p","NG-20110_2019_0016_lib334815_6442_2_1.fastq.gz,NG-20110_2019_0016_lib334815_6442_2_2.fastq.gz","DbMM-10","V5V6","GUT_784F_1064R - 30","FourC",101.384,"DbMM","B4_T96",21.87398843,28.57496357,2.994952443,0,0,8.780699827,2.993789653,9.564823173,"B4","T96",9842388239,78175,"B4T96","Firmicutes","Clostridia","Clostridiales","Lachnospiraceae","Roseburia","Roseburia_intestinalis",96
"27","Anaerobutyricum soehngenii","B2T24",9258932.49751244,"ATGCCGGA","ATGCCGGA",1,"p","NG-20110_2019_0016_lib334815_6442_2_1.fastq.gz,NG-20110_2019_0016_lib334815_6442_2_2.fastq.gz","DbMM-10","V5V6","GUT_784F_1064R - 16","FourC",95.378,"DbMM","B2_T24",26.27502349,16.77507458,3.428240583,0,3.470297759,4.665329817,1.756421093,4.597960977,"B2","T24",14888363456,9301,"B2T24","Firmicutes","Clostridia","Clostridiales","Eubacteriaceae","Anaerobutyricum","Anaerobutyricum_soehngenii",24
"203","Subdoligranulum variabile","B2T24",9258932.49751244,"ATGCCGGA","ATGCCGGA",1,"p","NG-20110_2019_0016_lib334815_6442_2_1.fastq.gz,NG-20110_2019_0016_lib334815_6442_2_2.fastq.gz","DbMM-10","V5V6","GUT_784F_1064R - 16","FourC",95.378,"DbMM","B2_T24",26.27502349,16.77507458,3.428240583,0,3.470297759,4.665329817,1.756421093,4.597960977,"B2","T24",14888363456,9301,"B2T24","Firmicutes","Clostridia","Clostridiales","Ruminococcaceae","Subdoligranulum","Subdoligranulum_variabile",24
"26","Anaerobutyricum soehngenii","B2T72",9258638.17066397,"CCATTATG","CCATTATG",1,"p","NG-20110_2019_0016_lib334815_6442_2_1.fastq.gz,NG-20110_2019_0016_lib334815_6442_2_2.fastq.gz","DbMM-10","V5V6","GUT_784F_1064R - 24","FourC",19.595,"DbMM","B2_T72",25.78571083,25.01975492,4.328292932,0,0,10.24123424,2.026290552,6.030626644,"B2","T72",12224488598,38821,"B2T72","Firmicutes","Clostridia","Clostridiales","Eubacteriaceae","Anaerobutyricum","Anaerobutyricum_soehngenii",72
"42","Anaerobutyricum soehngenii","B3T72",9258486.12601279,"CCGTACTA","CCGTACTA",1,"p","NG-20110_2019_0016_lib334815_6442_2_1.fastq.gz,NG-20110_2019_0016_lib334815_6442_2_2.fastq.gz","DbMM-10","V5V6","GUT_784F_1064R - 25","FourC",7.626,"DbMM","B3_T72",22.07183761,27.73015988,3.612834152,0,0,8.268998671,2.365499698,7.040177674,"B3","T72",14474099977,15534,"B3T72","Firmicutes","Clostridia","Clostridiales","Eubacteriaceae","Anaerobutyricum","Anaerobutyricum_soehngenii",72
"24","Anaerobutyricum soehngenii","B2T48",9257963.22379301,"CATAAGCG","CATAAGCG",1,"p","NG-20110_2019_0016_lib334815_6442_2_1.fastq.gz,NG-20110_2019_0016_lib334815_6442_2_2.fastq.gz","DbMM-10","V5V6","GUT_784F_1064R - 20","FourC",54.295,"DbMM","B2_T48",21.76055852,19.40504364,3.512249151,0,0,6.884226639,2.04235665,5.689015739,"B2","T48",11569368042,27572,"B2T48","Firmicutes","Clostridia","Clostridiales","Eubacteriaceae","Anaerobutyricum","Anaerobutyricum_soehngenii",48
"106","Coprococcus catus","B4T72",9257721.04919679,"CCGTCTGC","CCGTCTGC",1,"p","NG-20110_2019_0016_lib334815_6442_2_1.fastq.gz,NG-20110_2019_0016_lib334815_6442_2_2.fastq.gz","DbMM-10","V5V6","GUT_784F_1064R - 26","FourC",91.097,"DbMM","B4_T72",22.27149208,27.11674702,2.883506539,0,0,5.951572063,3.018117767,8.982493355,"B4","T72",18441380330,12563,"B4T72","Firmicutes","Clostridia","Clostridiales","Lachnospiraceae","Coprococcus","Coprococcus_catus",72
"17","Agathobacter rectalis","B4T0",6274599.51214286,"AGTTATGC","AGTTATGC",1,"p","NG-20110_2019_0016_lib334815_6442_2_1.fastq.gz,NG-20110_2019_0016_lib334815_6442_2_2.fastq.gz","DbMM-10","V5V6","GUT_784F_1064R - 14","FourC",93.212,"DbMM","B4_T0",27.39920245,0,0.64359311,0,1.179891309,2.450430793,0,0,"B4","T0",87844393.17,33412,"B4T0","Firmicutes","Clostridia","Clostridiales","Eubacteriaceae","Agathobacter","Agathobacter_rectalis",0
"64","Bacteroides ovatus","B4T0",6274599.51214286,"AGTTATGC","AGTTATGC",1,"p","NG-20110_2019_0016_lib334815_6442_2_1.fastq.gz,NG-20110_2019_0016_lib334815_6442_2_2.fastq.gz","DbMM-10","V5V6","GUT_784F_1064R - 14","FourC",93.212,"DbMM","B4_T0",27.39920245,0,0.64359311,0,1.179891309,2.450430793,0,0,"B4","T0",87844393.17,33412,"B4T0","Bacteroidetes","Bacteroidia","Bacteroidales","Bacteroidaceae","Bacteroides","Bacteroides_ovatus",0
"138","Faecalibacterium prausnitzii","B1T0",6202512.56285714,"AGGTCGAA","AGGTCGAA",1,"p","NG-20110_2019_0016_lib334815_6442_2_1.fastq.gz,NG-20110_2019_0016_lib334815_6442_2_2.fastq.gz","DbMM-10","V5V6","GUT_784F_1064R - 11","FourC",11.491,"DbMM","B1_T0",28.735409,0,0.857358652,0,1.378493175,2.576809639,0,0,"B1","T0",21708793.97,25973,"B1T0","Firmicutes","Clostridia","Clostridiales","Ruminococcaceae","Faecalibacterium","Faecalibacterium_prausnitzii",0
"103","Coprococcus catus","B4T96",6172711.34462214,"CTCAGCGC","CTCAGCGC",1,"p","NG-20110_2019_0016_lib334815_6442_2_1.fastq.gz,NG-20110_2019_0016_lib334815_6442_2_2.fastq.gz","DbMM-10","V5V6","GUT_784F_1064R - 30","FourC",101.384,"DbMM","B4_T96",21.87398843,28.57496357,2.994952443,0,0,8.780699827,2.993789653,9.564823173,"B4","T96",9842388239,78175,"B4T96","Firmicutes","Clostridia","Clostridiales","Lachnospiraceae","Coprococcus","Coprococcus_catus",96
"68","Bacteroides xylanisolvens","B2T0",3476779.88166667,"AGGTTATG","AGGTTATG",1,"p","NG-20110_2019_0016_lib334815_6442_2_1.fastq.gz,NG-20110_2019_0016_lib334815_6442_2_2.fastq.gz","DbMM-10","V5V6","GUT_784F_1064R - 12","FourC",6.502,"DbMM","B2_T0",27.64607865,0,0.320134737,0,1.115766125,2.494372781,0,0,"B2","T0",20860679.29,18444,"B2T0","Bacteroidetes","Bacteroidia","Bacteroidales","Bacteroidaceae","Bacteroides","Bacteroides_xylanisolvens",0
"136","Faecalibacterium prausnitzii","B2T0",3476779.88166667,"AGGTTATG","AGGTTATG",1,"p","NG-20110_2019_0016_lib334815_6442_2_1.fastq.gz,NG-20110_2019_0016_lib334815_6442_2_2.fastq.gz","DbMM-10","V5V6","GUT_784F_1064R - 12","FourC",6.502,"DbMM","B2_T0",27.64607865,0,0.320134737,0,1.115766125,2.494372781,0,0,"B2","T0",20860679.29,18444,"B2T0","Firmicutes","Clostridia","Clostridiales","Ruminococcaceae","Faecalibacterium","Faecalibacterium_prausnitzii",0
"33","Anaerobutyricum soehngenii","B3T0",3299868.74428571,"AGTCGCGC","AGTCGCGC",1,"p","NG-20110_2019_0016_lib334815_6442_2_1.fastq.gz,NG-20110_2019_0016_lib334815_6442_2_2.fastq.gz","DbMM-10","V5V6","GUT_784F_1064R - 13","FourC",7.296,"DbMM","B3_T0",27.70512832,0,0.331749445,0,1.078686962,2.445622105,0,0,"B3","T0",23099081.21,20516,"B3T0","Firmicutes","Clostridia","Clostridiales","Eubacteriaceae","Anaerobutyricum","Anaerobutyricum_soehngenii",0
"147","Faecalibacterium prausnitzii","B3T0",3299868.74428571,"AGTCGCGC","AGTCGCGC",1,"p","NG-20110_2019_0016_lib334815_6442_2_1.fastq.gz,NG-20110_2019_0016_lib334815_6442_2_2.fastq.gz","DbMM-10","V5V6","GUT_784F_1064R - 13","FourC",7.296,"DbMM","B3_T0",27.70512832,0,0.331749445,0,1.078686962,2.445622105,0,0,"B3","T0",23099081.21,20516,"B3T0","Firmicutes","Clostridia","Clostridiales","Ruminococcaceae","Faecalibacterium","Faecalibacterium_prausnitzii",0
"166","Flavonifractor plautii","B4T0",3137299.75607143,"AGTTATGC","AGTTATGC",1,"p","NG-20110_2019_0016_lib334815_6442_2_1.fastq.gz,NG-20110_2019_0016_lib334815_6442_2_2.fastq.gz","DbMM-10","V5V6","GUT_784F_1064R - 14","FourC",93.212,"DbMM","B4_T0",27.39920245,0,0.64359311,0,1.179891309,2.450430793,0,0,"B4","T0",87844393.17,33412,"B4T0","Firmicutes","Clostridia","Clostridiales","Lachnospiraceae","Flavonifractor","Lachnospiraceae_bacterium 7_1_58FAA",0
"69","Bacteroides xylanisolvens","B1T0",3101256.28142857,"AGGTCGAA","AGGTCGAA",1,"p","NG-20110_2019_0016_lib334815_6442_2_1.fastq.gz,NG-20110_2019_0016_lib334815_6442_2_2.fastq.gz","DbMM-10","V5V6","GUT_784F_1064R - 11","FourC",11.491,"DbMM","B1_T0",28.735409,0,0.857358652,0,1.378493175,2.576809639,0,0,"B1","T0",21708793.97,25973,"B1T0","Bacteroidetes","Bacteroidia","Bacteroidales","Bacteroidaceae","Bacteroides","Bacteroides_xylanisolvens",0
"189","Roseburia intestinalis","B1T0",3101256.28142857,"AGGTCGAA","AGGTCGAA",1,"p","NG-20110_2019_0016_lib334815_6442_2_1.fastq.gz,NG-20110_2019_0016_lib334815_6442_2_2.fastq.gz","DbMM-10","V5V6","GUT_784F_1064R - 11","FourC",11.491,"DbMM","B1_T0",28.735409,0,0.857358652,0,1.378493175,2.576809639,0,0,"B1","T0",21708793.97,25973,"B1T0","Firmicutes","Clostridia","Clostridiales","Lachnospiraceae","Roseburia","Roseburia_intestinalis",0
"202","Subdoligranulum variabile","B1T48",3086608.52918288,"CAACGAGG","CAACGAGG",1,"p","NG-20110_2019_0016_lib334815_6442_2_1.fastq.gz,NG-20110_2019_0016_lib334815_6442_2_2.fastq.gz","DbMM-10","V5V6","GUT_784F_1064R - 19","FourC",113.547,"DbMM","B1_T48",25.9164472,21.16638018,4.060683936,0,0,9.330743519,2.215862838,6.172319884,"B1","T48",11898875880,54736,"B1T48","Firmicutes","Clostridia","Clostridiales","Ruminococcaceae","Subdoligranulum","Subdoligranulum_variabile",48
"205","Subdoligranulum variabile","B1T24",3086554.70542636,"ATATCCGC","ATATCCGC",1,"p","NG-20110_2019_0016_lib334815_6442_2_1.fastq.gz,NG-20110_2019_0016_lib334815_6442_2_2.fastq.gz","DbMM-10","V5V6","GUT_784F_1064R - 15","FourC",92.958,"DbMM","B1_T24",27.06585287,16.61526127,4.701462225,0,4.902289542,4.336492395,1.816739597,4.755862819,"B1","T24",12343132267,51138,"B1T24","Firmicutes","Clostridia","Clostridiales","Ruminococcaceae","Subdoligranulum","Subdoligranulum_variabile",24
"25","Anaerobutyricum soehngenii","B1T96",3086326.16419464,"CGCAAGCT","CGCAAGCT",1,"p","NG-20110_2019_0016_lib334815_6442_2_1.fastq.gz,NG-20110_2019_0016_lib334815_6442_2_2.fastq.gz","DbMM-10","V5V6","GUT_784F_1064R - 27","FourC",88.485,"DbMM","B1_T96",25.22395254,24.60750205,4.191868346,0,0,11.28024586,2.324445079,7.426342106,"B1","T96",11860751449,33508,"B1T96","Firmicutes","Clostridia","Clostridiales","Eubacteriaceae","Anaerobutyricum","Anaerobutyricum_soehngenii",96
"28","Anaerobutyricum soehngenii","B1T72",3086314.12172088,"CCATGCGC","CCATGCGC",1,"p","NG-20110_2019_0016_lib334815_6442_2_1.fastq.gz,NG-20110_2019_0016_lib334815_6442_2_2.fastq.gz","DbMM-10","V5V6","GUT_784F_1064R - 23","FourC",6.471,"DbMM","B1_T72",25.52257493,23.90605535,4.191490449,0,0,11.00289343,2.345469048,6.980562644,"B1","T72",11765029432,33260,"B1T72","Firmicutes","Clostridia","Clostridiales","Eubacteriaceae","Anaerobutyricum","Anaerobutyricum_soehngenii",72
"36","Anaerobutyricum soehngenii","B2T96",3086220.57355428,"CGGAAGAG","CGGAAGAG",1,"p","NG-20110_2019_0016_lib334815_6442_2_1.fastq.gz,NG-20110_2019_0016_lib334815_6442_2_2.fastq.gz","DbMM-10","V5V6","GUT_784F_1064R - 28","FourC",93.987,"DbMM","B2_T96",25.24388551,25.16666207,4.225019225,0,0,10.65006013,2.144100952,6.850162785,"B2","T96",9125954236,32682,"B2T96","Firmicutes","Clostridia","Clostridiales","Eubacteriaceae","Anaerobutyricum","Anaerobutyricum_soehngenii",96
"1","Agathobacter rectalis","B1T0",0,"AGGTCGAA","AGGTCGAA",1,"p","NG-20110_2019_0016_lib334815_6442_2_1.fastq.gz,NG-20110_2019_0016_lib334815_6442_2_2.fastq.gz","DbMM-10","V5V6","GUT_784F_1064R - 11","FourC",11.491,"DbMM","B1_T0",28.735409,0,0.857358652,0,1.378493175,2.576809639,0,0,"B1","T0",21708793.97,25973,"B1T0","Firmicutes","Clostridia","Clostridiales","Eubacteriaceae","Agathobacter","Agathobacter_rectalis",0
"10","Agathobacter rectalis","B3T0",0,"AGTCGCGC","AGTCGCGC",1,"p","NG-20110_2019_0016_lib334815_6442_2_1.fastq.gz,NG-20110_2019_0016_lib334815_6442_2_2.fastq.gz","DbMM-10","V5V6","GUT_784F_1064R - 13","FourC",7.296,"DbMM","B3_T0",27.70512832,0,0.331749445,0,1.078686962,2.445622105,0,0,"B3","T0",23099081.21,20516,"B3T0","Firmicutes","Clostridia","Clostridiales","Eubacteriaceae","Agathobacter","Agathobacter_rectalis",0
"12","Agathobacter rectalis","B2T0",0,"AGGTTATG","AGGTTATG",1,"p","NG-20110_2019_0016_lib334815_6442_2_1.fastq.gz,NG-20110_2019_0016_lib334815_6442_2_2.fastq.gz","DbMM-10","V5V6","GUT_784F_1064R - 12","FourC",6.502,"DbMM","B2_T0",27.64607865,0,0.320134737,0,1.115766125,2.494372781,0,0,"B2","T0",20860679.29,18444,"B2T0","Firmicutes","Clostridia","Clostridiales","Eubacteriaceae","Agathobacter","Agathobacter_rectalis",0
"23","Anaerobutyricum soehngenii","B2T0",0,"AGGTTATG","AGGTTATG",1,"p","NG-20110_2019_0016_lib334815_6442_2_1.fastq.gz,NG-20110_2019_0016_lib334815_6442_2_2.fastq.gz","DbMM-10","V5V6","GUT_784F_1064R - 12","FourC",6.502,"DbMM","B2_T0",27.64607865,0,0.320134737,0,1.115766125,2.494372781,0,0,"B2","T0",20860679.29,18444,"B2T0","Firmicutes","Clostridia","Clostridiales","Eubacteriaceae","Anaerobutyricum","Anaerobutyricum_soehngenii",0
"37","Anaerobutyricum soehngenii","B1T0",0,"AGGTCGAA","AGGTCGAA",1,"p","NG-20110_2019_0016_lib334815_6442_2_1.fastq.gz,NG-20110_2019_0016_lib334815_6442_2_2.fastq.gz","DbMM-10","V5V6","GUT_784F_1064R - 11","FourC",11.491,"DbMM","B1_T0",28.735409,0,0.857358652,0,1.378493175,2.576809639,0,0,"B1","T0",21708793.97,25973,"B1T0","Firmicutes","Clostridia","Clostridiales","Eubacteriaceae","Anaerobutyricum","Anaerobutyricum_soehngenii",0
"44","Anaerobutyricum soehngenii","B4T0",0,"AGTTATGC","AGTTATGC",1,"p","NG-20110_2019_0016_lib334815_6442_2_1.fastq.gz,NG-20110_2019_0016_lib334815_6442_2_2.fastq.gz","DbMM-10","V5V6","GUT_784F_1064R - 14","FourC",93.212,"DbMM","B4_T0",27.39920245,0,0.64359311,0,1.179891309,2.450430793,0,0,"B4","T0",87844393.17,33412,"B4T0","Firmicutes","Clostridia","Clostridiales","Eubacteriaceae","Anaerobutyricum","Anaerobutyricum_soehngenii",0
"48","Bacteroides ovatus","B3T0",0,"AGTCGCGC","AGTCGCGC",1,"p","NG-20110_2019_0016_lib334815_6442_2_1.fastq.gz,NG-20110_2019_0016_lib334815_6442_2_2.fastq.gz","DbMM-10","V5V6","GUT_784F_1064R - 13","FourC",7.296,"DbMM","B3_T0",27.70512832,0,0.331749445,0,1.078686962,2.445622105,0,0,"B3","T0",23099081.21,20516,"B3T0","Bacteroidetes","Bacteroidia","Bacteroidales","Bacteroidaceae","Bacteroides","Bacteroides_ovatus",0
"50","Bacteroides ovatus","B2T0",0,"AGGTTATG","AGGTTATG",1,"p","NG-20110_2019_0016_lib334815_6442_2_1.fastq.gz,NG-20110_2019_0016_lib334815_6442_2_2.fastq.gz","DbMM-10","V5V6","GUT_784F_1064R - 12","FourC",6.502,"DbMM","B2_T0",27.64607865,0,0.320134737,0,1.115766125,2.494372781,0,0,"B2","T0",20860679.29,18444,"B2T0","Bacteroidetes","Bacteroidia","Bacteroidales","Bacteroidaceae","Bacteroides","Bacteroides_ovatus",0
"52","Bacteroides ovatus","B1T0",0,"AGGTCGAA","AGGTCGAA",1,"p","NG-20110_2019_0016_lib334815_6442_2_1.fastq.gz,NG-20110_2019_0016_lib334815_6442_2_2.fastq.gz","DbMM-10","V5V6","GUT_784F_1064R - 11","FourC",11.491,"DbMM","B1_T0",28.735409,0,0.857358652,0,1.378493175,2.576809639,0,0,"B1","T0",21708793.97,25973,"B1T0","Bacteroidetes","Bacteroidia","Bacteroidales","Bacteroidaceae","Bacteroides","Bacteroides_ovatus",0
"78","Bacteroides xylanisolvens","B3T0",0,"AGTCGCGC","AGTCGCGC",1,"p","NG-20110_2019_0016_lib334815_6442_2_1.fastq.gz,NG-20110_2019_0016_lib334815_6442_2_2.fastq.gz","DbMM-10","V5V6","GUT_784F_1064R - 13","FourC",7.296,"DbMM","B3_T0",27.70512832,0,0.331749445,0,1.078686962,2.445622105,0,0,"B3","T0",23099081.21,20516,"B3T0","Bacteroidetes","Bacteroidia","Bacteroidales","Bacteroidaceae","Bacteroides","Bacteroides_xylanisolvens",0
"93","Coprococcus catus","B2T0",0,"AGGTTATG","AGGTTATG",1,"p","NG-20110_2019_0016_lib334815_6442_2_1.fastq.gz,NG-20110_2019_0016_lib334815_6442_2_2.fastq.gz","DbMM-10","V5V6","GUT_784F_1064R - 12","FourC",6.502,"DbMM","B2_T0",27.64607865,0,0.320134737,0,1.115766125,2.494372781,0,0,"B2","T0",20860679.29,18444,"B2T0","Firmicutes","Clostridia","Clostridiales","Lachnospiraceae","Coprococcus","Coprococcus_catus",0
"95","Coprococcus catus","B1T0",0,"AGGTCGAA","AGGTCGAA",1,"p","NG-20110_2019_0016_lib334815_6442_2_1.fastq.gz,NG-20110_2019_0016_lib334815_6442_2_2.fastq.gz","DbMM-10","V5V6","GUT_784F_1064R - 11","FourC",11.491,"DbMM","B1_T0",28.735409,0,0.857358652,0,1.378493175,2.576809639,0,0,"B1","T0",21708793.97,25973,"B1T0","Firmicutes","Clostridia","Clostridiales","Lachnospiraceae","Coprococcus","Coprococcus_catus",0
"102","Coprococcus catus","B4T0",0,"AGTTATGC","AGTTATGC",1,"p","NG-20110_2019_0016_lib334815_6442_2_1.fastq.gz,NG-20110_2019_0016_lib334815_6442_2_2.fastq.gz","DbMM-10","V5V6","GUT_784F_1064R - 14","FourC",93.212,"DbMM","B4_T0",27.39920245,0,0.64359311,0,1.179891309,2.450430793,0,0,"B4","T0",87844393.17,33412,"B4T0","Firmicutes","Clostridia","Clostridiales","Lachnospiraceae","Coprococcus","Coprococcus_catus",0
"104","Coprococcus catus","B3T0",0,"AGTCGCGC","AGTCGCGC",1,"p","NG-20110_2019_0016_lib334815_6442_2_1.fastq.gz,NG-20110_2019_0016_lib334815_6442_2_2.fastq.gz","DbMM-10","V5V6","GUT_784F_1064R - 13","FourC",7.296,"DbMM","B3_T0",27.70512832,0,0.331749445,0,1.078686962,2.445622105,0,0,"B3","T0",23099081.21,20516,"B3T0","Firmicutes","Clostridia","Clostridiales","Lachnospiraceae","Coprococcus","Coprococcus_catus",0
"157","Flavonifractor plautii","B2T0",0,"AGGTTATG","AGGTTATG",1,"p","NG-20110_2019_0016_lib334815_6442_2_1.fastq.gz,NG-20110_2019_0016_lib334815_6442_2_2.fastq.gz","DbMM-10","V5V6","GUT_784F_1064R - 12","FourC",6.502,"DbMM","B2_T0",27.64607865,0,0.320134737,0,1.115766125,2.494372781,0,0,"B2","T0",20860679.29,18444,"B2T0","Firmicutes","Clostridia","Clostridiales","Lachnospiraceae","Flavonifractor","Lachnospiraceae_bacterium 7_1_58FAA",0
"159","Flavonifractor plautii","B1T0",0,"AGGTCGAA","AGGTCGAA",1,"p","NG-20110_2019_0016_lib334815_6442_2_1.fastq.gz,NG-20110_2019_0016_lib334815_6442_2_2.fastq.gz","DbMM-10","V5V6","GUT_784F_1064R - 11","FourC",11.491,"DbMM","B1_T0",28.735409,0,0.857358652,0,1.378493175,2.576809639,0,0,"B1","T0",21708793.97,25973,"B1T0","Firmicutes","Clostridia","Clostridiales","Lachnospiraceae","Flavonifractor","Lachnospiraceae_bacterium 7_1_58FAA",0
"168","Flavonifractor plautii","B3T0",0,"AGTCGCGC","AGTCGCGC",1,"p","NG-20110_2019_0016_lib334815_6442_2_1.fastq.gz,NG-20110_2019_0016_lib334815_6442_2_2.fastq.gz","DbMM-10","V5V6","GUT_784F_1064R - 13","FourC",7.296,"DbMM","B3_T0",27.70512832,0,0.331749445,0,1.078686962,2.445622105,0,0,"B3","T0",23099081.21,20516,"B3T0","Firmicutes","Clostridia","Clostridiales","Lachnospiraceae","Flavonifractor","Lachnospiraceae_bacterium 7_1_58FAA",0
"178","Roseburia intestinalis","B2T0",0,"AGGTTATG","AGGTTATG",1,"p","NG-20110_2019_0016_lib334815_6442_2_1.fastq.gz,NG-20110_2019_0016_lib334815_6442_2_2.fastq.gz","DbMM-10","V5V6","GUT_784F_1064R - 12","FourC",6.502,"DbMM","B2_T0",27.64607865,0,0.320134737,0,1.115766125,2.494372781,0,0,"B2","T0",20860679.29,18444,"B2T0","Firmicutes","Clostridia","Clostridiales","Lachnospiraceae","Roseburia","Roseburia_intestinalis",0
"185","Roseburia intestinalis","B3T0",0,"AGTCGCGC","AGTCGCGC",1,"p","NG-20110_2019_0016_lib334815_6442_2_1.fastq.gz,NG-20110_2019_0016_lib334815_6442_2_2.fastq.gz","DbMM-10","V5V6","GUT_784F_1064R - 13","FourC",7.296,"DbMM","B3_T0",27.70512832,0,0.331749445,0,1.078686962,2.445622105,0,0,"B3","T0",23099081.21,20516,"B3T0","Firmicutes","Clostridia","Clostridiales","Lachnospiraceae","Roseburia","Roseburia_intestinalis",0
"204","Subdoligranulum variabile","B3T0",0,"AGTCGCGC","AGTCGCGC",1,"p","NG-20110_2019_0016_lib334815_6442_2_1.fastq.gz,NG-20110_2019_0016_lib334815_6442_2_2.fastq.gz","DbMM-10","V5V6","GUT_784F_1064R - 13","FourC",7.296,"DbMM","B3_T0",27.70512832,0,0.331749445,0,1.078686962,2.445622105,0,0,"B3","T0",23099081.21,20516,"B3T0","Firmicutes","Clostridia","Clostridiales","Ruminococcaceae","Subdoligranulum","Subdoligranulum_variabile",0
"206","Subdoligranulum variabile","B2T0",0,"AGGTTATG","AGGTTATG",1,"p","NG-20110_2019_0016_lib334815_6442_2_1.fastq.gz,NG-20110_2019_0016_lib334815_6442_2_2.fastq.gz","DbMM-10","V5V6","GUT_784F_1064R - 12","FourC",6.502,"DbMM","B2_T0",27.64607865,0,0.320134737,0,1.115766125,2.494372781,0,0,"B2","T0",20860679.29,18444,"B2T0","Firmicutes","Clostridia","Clostridiales","Ruminococcaceae","Subdoligranulum","Subdoligranulum_variabile",0
"208","Subdoligranulum variabile","B1T0",0,"AGGTCGAA","AGGTCGAA",1,"p","NG-20110_2019_0016_lib334815_6442_2_1.fastq.gz,NG-20110_2019_0016_lib334815_6442_2_2.fastq.gz","DbMM-10","V5V6","GUT_784F_1064R - 11","FourC",11.491,"DbMM","B1_T0",28.735409,0,0.857358652,0,1.378493175,2.576809639,0,0,"B1","T0",21708793.97,25973,"B1T0","Firmicutes","Clostridia","Clostridiales","Ruminococcaceae","Subdoligranulum","Subdoligranulum_variabile",0
"215","Subdoligranulum variabile","B4T0",0,"AGTTATGC","AGTTATGC",1,"p","NG-20110_2019_0016_lib334815_6442_2_1.fastq.gz,NG-20110_2019_0016_lib334815_6442_2_2.fastq.gz","DbMM-10","V5V6","GUT_784F_1064R - 14","FourC",93.212,"DbMM","B4_T0",27.39920245,0,0.64359311,0,1.179891309,2.450430793,0,0,"B4","T0",87844393.17,33412,"B4T0","Firmicutes","Clostridia","Clostridiales","Ruminococcaceae","Subdoligranulum","Subdoligranulum_variabile",0
